"path","term","count","surface","classification","releaseRisk"
"docs/INSTALL.md","DeepSeek","4","docs-other","configured-provider-brand-review","allowed-provider-reference-review"
"docs/DSXU_V18_V19_MERGED_AUDIT_20260510_CLEAN.md","DeepSeek","2","internal-evidence-doc","configured-provider-brand-review","allowed-provider-reference-review"
"docs/DSXU_V20_C2_FULL_OWNER_EXECUTION_20260514.md","DeepSeek","2","internal-evidence-doc","configured-provider-brand-review","allowed-provider-reference-review"
"docs/DSXU_V20_C2_OGR_CROSS_SIGNOFF_20260514.md","DeepSeek","2","internal-evidence-doc","configured-provider-brand-review","allowed-provider-reference-review"
"docs/DSXU_V20_CLAUDE_EXPERIENCE_DATA_AUDIT_20260514.md","DeepSeek","2","internal-evidence-doc","configured-provider-brand-review","allowed-provider-reference-review"
"docs/DSXU_V20_CLAUDE_SRC_COMPARATIVE_ABSORPTION_REVIEW_20260514.md","DeepSeek","2","internal-evidence-doc","configured-provider-brand-review","allowed-provider-reference-review"
"docs/DSXU_V20_COMMERCIAL_IP_BRAND_RELEASE_GATE_20260515.md","DeepSeek","2","internal-evidence-doc","configured-provider-brand-review","allowed-provider-reference-review"
"docs/DSXU_V20_FULL_CODE_INTEGRATION_ASSESSMENT_20260514.md","DeepSeek","2","internal-evidence-doc","configured-provider-brand-review","allowed-provider-reference-review"
"docs/DSXU_V20_MAINLINE_OWNER_MAP_20260514.md","DeepSeek","2","internal-evidence-doc","configured-provider-brand-review","allowed-provider-reference-review"
"docs/DSXU_V20_MASTER_PLAN_20260514.md","DeepSeek","2","internal-evidence-doc","configured-provider-brand-review","allowed-provider-reference-review"
"docs/DSXU_V20_OWNER_GAP_MATRIX_20260514.md","DeepSeek","2","internal-evidence-doc","configured-provider-brand-review","allowed-provider-reference-review"
"docs/DSXU_V20_OWNER_GIT_REVIEW_EXECUTION_20260514.md","DeepSeek","2","internal-evidence-doc","configured-provider-brand-review","allowed-provider-reference-review"
"docs/DSXU_V20_OWNER_PACKET_SIGNOFF_EXECUTION_20260514.md","DeepSeek","2","internal-evidence-doc","configured-provider-brand-review","allowed-provider-reference-review"
"docs/DSXU_V20_P1_PRODUCT_SIGNAL_OWNER_CLEANUP_20260514.md","DeepSeek","2","internal-evidence-doc","configured-provider-brand-review","allowed-provider-reference-review"
"docs/DSXU_V20_PRIORITY_OWNER_PACKET_REVIEW_20260514.md","DeepSeek","2","internal-evidence-doc","configured-provider-brand-review","allowed-provider-reference-review"
"docs/DSXU_V20_REAL_GAP_PRODUCTIZATION_REVIEW_20260514.md","DeepSeek","2","internal-evidence-doc","configured-provider-brand-review","allowed-provider-reference-review"
"src/cli/handlers/auth.ts","DeepSeek","1","product-source","configured-provider-brand-review","allowed-provider-reference-review"
"src/cli/handlers/util.tsx","DeepSeek","1","product-source","configured-provider-brand-review","allowed-provider-reference-review"
"src/cli/print.ts","DeepSeek","1","product-source","configured-provider-brand-review","allowed-provider-reference-review"
"src/commands/cost/cost.ts","DeepSeek","1","product-source","configured-provider-brand-review","allowed-provider-reference-review"
"src/commands/effort/effort.tsx","DeepSeek","1","product-source","configured-provider-brand-review","allowed-provider-reference-review"
"src/commands/extra-usage/extra-usage-core.ts","DeepSeek","1","product-source","configured-provider-brand-review","allowed-provider-reference-review"
"src/commands/fast/fast.tsx","DeepSeek","1","product-source","configured-provider-brand-review","allowed-provider-reference-review"
"src/commands/login/login.tsx","DeepSeek","1","product-source","configured-provider-brand-review","allowed-provider-reference-review"
"src/commands/model/model.tsx","DeepSeek","1","product-source","configured-provider-brand-review","allowed-provider-reference-review"
"src/commands/rate-limit-options/index.ts","DeepSeek","1","product-source","configured-provider-brand-review","allowed-provider-reference-review"
"src/components/ConsoleOAuthFlow.tsx","DeepSeek","1","product-source","configured-provider-brand-review","allowed-provider-reference-review"
"src/components/LogoV2/DsxuLongContextNotice.tsx","DeepSeek","1","product-source","configured-provider-brand-review","allowed-provider-reference-review"
"src/components/messages/AssistantTextMessage.tsx","DeepSeek","1","product-source","configured-provider-brand-review","allowed-provider-reference-review"
"src/components/ModelPicker.tsx","DeepSeek","1","product-source","configured-provider-brand-review","allowed-provider-reference-review"
"src/components/Onboarding.tsx","DeepSeek","1","product-source","configured-provider-brand-review","allowed-provider-reference-review"
"src/components/ResumeTask.tsx","DeepSeek","1","product-source","configured-provider-brand-review","allowed-provider-reference-review"
"src/components/Settings/Config.tsx","DeepSeek","1","product-source","configured-provider-brand-review","allowed-provider-reference-review"
"src/constants/prompts.ts","DeepSeek","1","product-source","configured-provider-brand-review","allowed-provider-reference-review"
"src/constants/system.ts","DeepSeek","1","product-source","configured-provider-brand-review","allowed-provider-reference-review"
"src/dsxu/cost/__tests__/cost.test.ts","DeepSeek","1","product-source","configured-provider-brand-review","allowed-provider-reference-review"
"src/dsxu/engine/__tests__/A-2A-kairos-integration-harness.test.ts","DeepSeek","1","product-source","configured-provider-brand-review","allowed-provider-reference-review"
"src/dsxu/engine/__tests__/agent-runtime-mainline-v1.test.ts","DeepSeek","1","product-source","configured-provider-brand-review","allowed-provider-reference-review"
"src/dsxu/engine/__tests__/api-microcompact-bridge.test.ts","DeepSeek","1","product-source","configured-provider-brand-review","allowed-provider-reference-review"
"src/dsxu/engine/__tests__/api-service.test.ts","DeepSeek","1","product-source","configured-provider-brand-review","allowed-provider-reference-review"
"src/dsxu/engine/__tests__/background-governance-contract-v1.test.ts","DeepSeek","1","product-source","configured-provider-brand-review","allowed-provider-reference-review"
"src/dsxu/engine/__tests__/benchmark-runner-route-v1.test.ts","DeepSeek","1","product-source","configured-provider-brand-review","allowed-provider-reference-review"
"src/dsxu/engine/__tests__/cold-mode-cost-planning-v1.test.ts","DeepSeek","1","product-source","configured-provider-brand-review","allowed-provider-reference-review"
"src/dsxu/engine/__tests__/deepseek-v4-control-v1.test.ts","DeepSeek","1","product-source","configured-provider-brand-review","allowed-provider-reference-review"
"src/dsxu/engine/__tests__/direct-connect-and-query-contract-v1.test.ts","DeepSeek","1","product-source","configured-provider-brand-review","allowed-provider-reference-review"
"src/dsxu/engine/__tests__/dsxu-api-key-auth-v1.test.ts","DeepSeek","1","product-source","configured-provider-brand-review","allowed-provider-reference-review"
"src/dsxu/engine/__tests__/engine.test.ts","DeepSeek","1","product-source","configured-provider-brand-review","allowed-provider-reference-review"
"src/dsxu/engine/__tests__/experience-store-expanded-replay-v1.test.ts","DeepSeek","1","product-source","configured-provider-brand-review","allowed-provider-reference-review"
"src/dsxu/engine/__tests__/experience-store-planning-context-v1.test.ts","DeepSeek","1","product-source","configured-provider-brand-review","allowed-provider-reference-review"
"src/dsxu/engine/__tests__/experience-store-replay-v1.test.ts","DeepSeek","1","product-source","configured-provider-brand-review","allowed-provider-reference-review"
"src/dsxu/engine/__tests__/final-report-usage-evidence-v1.test.ts","DeepSeek","1","product-source","configured-provider-brand-review","allowed-provider-reference-review"
"src/dsxu/engine/__tests__/gear-box.test.ts","DeepSeek","1","product-source","configured-provider-brand-review","allowed-provider-reference-review"
"src/dsxu/engine/__tests__/goal-driven-optimization-contract-v1.test.ts","DeepSeek","1","product-source","configured-provider-brand-review","allowed-provider-reference-review"
"src/dsxu/engine/__tests__/H-4R-integration-harness.test.ts","DeepSeek","1","product-source","configured-provider-brand-review","allowed-provider-reference-review"
"src/dsxu/engine/__tests__/live-provider-gate-v1.test.ts","DeepSeek","1","product-source","configured-provider-brand-review","allowed-provider-reference-review"
"src/dsxu/engine/__tests__/llm-adapter-owner-v1.test.ts","DeepSeek","1","product-source","configured-provider-brand-review","allowed-provider-reference-review"
"src/dsxu/engine/__tests__/mainline-tool-adapter-v1.test.ts","DeepSeek","1","product-source","configured-provider-brand-review","allowed-provider-reference-review"
"src/dsxu/engine/__tests__/model-config.test.ts","DeepSeek","1","product-source","configured-provider-brand-review","allowed-provider-reference-review"
"src/dsxu/engine/__tests__/phase12-live-cost-matrix-v1.test.ts","DeepSeek","1","product-source","configured-provider-brand-review","allowed-provider-reference-review"
"src/dsxu/engine/__tests__/prompt-cache-break-detection.test.ts","DeepSeek","1","product-source","configured-provider-brand-review","allowed-provider-reference-review"
"src/dsxu/engine/__tests__/provider-contract-v1.test.ts","DeepSeek","1","product-source","configured-provider-brand-review","allowed-provider-reference-review"
"src/dsxu/engine/__tests__/provider-migration-model-alias-isolation-v1.test.ts","DeepSeek","1","product-source","configured-provider-brand-review","allowed-provider-reference-review"
"src/dsxu/engine/__tests__/proxy-budget-guard.test.ts","DeepSeek","1","product-source","configured-provider-brand-review","allowed-provider-reference-review"
"src/dsxu/engine/__tests__/query-route-verification-v1.test.ts","DeepSeek","1","product-source","configured-provider-brand-review","allowed-provider-reference-review"
"src/dsxu/engine/__tests__/remote-lifecycle-v1.test.ts","DeepSeek","1","product-source","configured-provider-brand-review","allowed-provider-reference-review"
"src/dsxu/engine/__tests__/same-window-topic-boundary-v1.test.ts","DeepSeek","1","product-source","configured-provider-brand-review","allowed-provider-reference-review"
"src/dsxu/engine/__tests__/tool-definition-v20.test.ts","DeepSeek","1","product-source","configured-provider-brand-review","allowed-provider-reference-review"
"src/dsxu/engine/__tests__/v11-100-point-roadmap-contract-v1.test.ts","DeepSeek","1","product-source","configured-provider-brand-review","allowed-provider-reference-review"
"src/dsxu/engine/__tests__/v12-prompt-governance-v1.test.ts","DeepSeek","1","product-source","configured-provider-brand-review","allowed-provider-reference-review"
"src/dsxu/engine/__tests__/v18-baseline-failure-reporter-v1.test.ts","DeepSeek","1","product-source","configured-provider-brand-review","allowed-provider-reference-review"
"src/dsxu/engine/__tests__/v18-benchmark-readiness-v1.test.ts","DeepSeek","1","product-source","configured-provider-brand-review","allowed-provider-reference-review"
"src/dsxu/engine/__tests__/v18-code-terminal-10-runner-v1.test.ts","DeepSeek","1","product-source","configured-provider-brand-review","allowed-provider-reference-review"
"src/dsxu/engine/__tests__/v18-evidence-eval-pack-v1.test.ts","DeepSeek","1","product-source","configured-provider-brand-review","allowed-provider-reference-review"
"src/dsxu/engine/__tests__/v18-experience-live-report-ingest-v1.test.ts","DeepSeek","1","product-source","configured-provider-brand-review","allowed-provider-reference-review"
"src/dsxu/engine/__tests__/v18-go-stop-decision-v1.test.ts","DeepSeek","1","product-source","configured-provider-brand-review","allowed-provider-reference-review"
"src/dsxu/engine/__tests__/v18-live-real-task-compare-v1.test.ts","DeepSeek","1","product-source","configured-provider-brand-review","allowed-provider-reference-review"
"src/dsxu/engine/__tests__/v18-open-source-package-gate-v1.test.ts","DeepSeek","1","product-source","configured-provider-brand-review","allowed-provider-reference-review"
"src/dsxu/engine/__tests__/v18-prompt-prefix-cache-builder-v1.test.ts","DeepSeek","1","product-source","configured-provider-brand-review","allowed-provider-reference-review"
"src/dsxu/engine/__tests__/v18-prompt-prefix-cache-evidence-v1.test.ts","DeepSeek","1","product-source","configured-provider-brand-review","allowed-provider-reference-review"
"src/dsxu/engine/__tests__/v18-real-task-route-plan-v1.test.ts","DeepSeek","1","product-source","configured-provider-brand-review","allowed-provider-reference-review"
"src/dsxu/engine/__tests__/v18-route-cache-dynamic-tail-v1.test.ts","DeepSeek","1","product-source","configured-provider-brand-review","allowed-provider-reference-review"
"src/dsxu/engine/__tests__/v18-route-cache-roi-smoke-v1.test.ts","DeepSeek","1","product-source","configured-provider-brand-review","allowed-provider-reference-review"
"src/dsxu/engine/__tests__/v19-cost-cache-live-task-evidence-v1.test.ts","DeepSeek","1","product-source","configured-provider-brand-review","allowed-provider-reference-review"
"src/dsxu/engine/__tests__/v6-mainline-completion-contract-v1.test.ts","DeepSeek","1","product-source","configured-provider-brand-review","allowed-provider-reference-review"
"src/dsxu/engine/__tests__/v7-productization-contract-v1.test.ts","DeepSeek","1","product-source","configured-provider-brand-review","allowed-provider-reference-review"
"src/dsxu/engine/__tests__/v8-agent-long-run-v1.test.ts","DeepSeek","1","product-source","configured-provider-brand-review","allowed-provider-reference-review"
"src/dsxu/engine/__tests__/v8-product-build-contract-v1.test.ts","DeepSeek","1","product-source","configured-provider-brand-review","allowed-provider-reference-review"
"src/dsxu/engine/__tests__/v8-real-mcp-server-v1.test.ts","DeepSeek","1","product-source","configured-provider-brand-review","allowed-provider-reference-review"
"src/dsxu/engine/__tests__/wave2.test.ts","DeepSeek","1","product-source","configured-provider-brand-review","allowed-provider-reference-review"
"src/dsxu/engine/__tests__/wave4-core.test.ts","DeepSeek","1","product-source","configured-provider-brand-review","allowed-provider-reference-review"
"src/dsxu/engine/__tests__/wave4-extended.test.ts","DeepSeek","1","product-source","configured-provider-brand-review","allowed-provider-reference-review"
"src/dsxu/engine/__tests__/wave5-doctor.test.ts","DeepSeek","1","product-source","configured-provider-brand-review","allowed-provider-reference-review"
"src/dsxu/engine/adr-review.ts","DeepSeek","1","product-source","configured-provider-brand-review","allowed-provider-reference-review"
"src/dsxu/engine/api-service.ts","DeepSeek","1","product-source","configured-provider-brand-review","allowed-provider-reference-review"
"src/dsxu/engine/background-governance-contract.ts","DeepSeek","1","product-source","configured-provider-brand-review","allowed-provider-reference-review"
"src/dsxu/engine/brief/brief-generator.ts","DeepSeek","1","product-source","configured-provider-brand-review","allowed-provider-reference-review"
"src/dsxu/engine/cache-monitor.ts","DeepSeek","1","product-source","configured-provider-brand-review","allowed-provider-reference-review"
"src/dsxu/engine/classify/classifier.ts","DeepSeek","1","product-source","configured-provider-brand-review","allowed-provider-reference-review"
"src/dsxu/engine/cli.ts","DeepSeek","1","product-source","configured-provider-brand-review","allowed-provider-reference-review"
"src/dsxu/engine/cold-mode-cost-planning.ts","DeepSeek","1","product-source","configured-provider-brand-review","allowed-provider-reference-review"
"src/dsxu/engine/compact.ts","DeepSeek","1","product-source","configured-provider-brand-review","allowed-provider-reference-review"
"src/dsxu/engine/compact/compact-pipeline.ts","DeepSeek","1","product-source","configured-provider-brand-review","allowed-provider-reference-review"
"src/dsxu/engine/config.ts","DeepSeek","1","product-source","configured-provider-brand-review","allowed-provider-reference-review"
"src/dsxu/engine/context-builder.ts","DeepSeek","1","product-source","configured-provider-brand-review","allowed-provider-reference-review"
"src/dsxu/engine/context-window-manager-v1.ts","DeepSeek","1","product-source","configured-provider-brand-review","allowed-provider-reference-review"
"src/dsxu/engine/cost-tracker.ts","DeepSeek","1","product-source","configured-provider-brand-review","allowed-provider-reference-review"
"src/dsxu/engine/deepseek-model-policy.ts","DeepSeek","1","product-source","configured-provider-brand-review","allowed-provider-reference-review"
"src/dsxu/engine/doctor.ts","DeepSeek","1","product-source","configured-provider-brand-review","allowed-provider-reference-review"
"src/dsxu/engine/engine-tool-adapter.ts","DeepSeek","1","product-source","configured-provider-brand-review","allowed-provider-reference-review"
"src/dsxu/engine/final-report-usage-evidence.ts","DeepSeek","1","product-source","configured-provider-brand-review","allowed-provider-reference-review"
"src/dsxu/engine/gear-box.ts","DeepSeek","1","product-source","configured-provider-brand-review","allowed-provider-reference-review"
"src/dsxu/engine/goal-driven-optimization-contract.ts","DeepSeek","1","product-source","configured-provider-brand-review","allowed-provider-reference-review"
"src/dsxu/engine/high-pressure-reference-absorption-contract.ts","DeepSeek","1","product-source","configured-provider-brand-review","allowed-provider-reference-review"
"src/dsxu/engine/index.ts","DeepSeek","1","product-source","configured-provider-brand-review","allowed-provider-reference-review"
"src/dsxu/engine/llm-adapter.ts","DeepSeek","1","product-source","configured-provider-brand-review","allowed-provider-reference-review"
"src/dsxu/engine/memory-extractor.ts","DeepSeek","1","product-source","configured-provider-brand-review","allowed-provider-reference-review"
"src/dsxu/engine/memory-pipeline.ts","DeepSeek","1","product-source","configured-provider-brand-review","allowed-provider-reference-review"
"src/dsxu/engine/model-config.ts","DeepSeek","1","product-source","configured-provider-brand-review","allowed-provider-reference-review"
"src/dsxu/engine/model-gateway-client.ts","DeepSeek","1","product-source","configured-provider-brand-review","allowed-provider-reference-review"
"src/dsxu/engine/model-limits.ts","DeepSeek","1","product-source","configured-provider-brand-review","allowed-provider-reference-review"
"src/dsxu/engine/model-routing-control.ts","DeepSeek","1","product-source","configured-provider-brand-review","allowed-provider-reference-review"
"src/dsxu/engine/next-stage-productization-contract.ts","DeepSeek","1","product-source","configured-provider-brand-review","allowed-provider-reference-review"
"src/dsxu/engine/phase12-experience-oracle.ts","DeepSeek","1","product-source","configured-provider-brand-review","allowed-provider-reference-review"
"src/dsxu/engine/phase12-live-cost-matrix-v1.ts","DeepSeek","1","product-source","configured-provider-brand-review","allowed-provider-reference-review"
"src/dsxu/engine/profiles/index.ts","DeepSeek","1","product-source","configured-provider-brand-review","allowed-provider-reference-review"
"src/dsxu/engine/proxy-budget-guard.ts","DeepSeek","1","product-source","configured-provider-brand-review","allowed-provider-reference-review"
"src/dsxu/engine/query-loop.ts","DeepSeek","1","product-source","configured-provider-brand-review","allowed-provider-reference-review"
"src/dsxu/engine/reference-experience-quality-contract.ts","DeepSeek","1","product-source","configured-provider-brand-review","allowed-provider-reference-review"
"src/dsxu/engine/reference-governance-absorption-contract.ts","DeepSeek","1","product-source","configured-provider-brand-review","allowed-provider-reference-review"
"src/dsxu/engine/release-test-gate.ts","DeepSeek","1","product-source","configured-provider-brand-review","allowed-provider-reference-review"
"src/dsxu/engine/runtime-state-machine.ts","DeepSeek","1","product-source","configured-provider-brand-review","allowed-provider-reference-review"
"src/dsxu/engine/session-adapter.ts","DeepSeek","1","product-source","configured-provider-brand-review","allowed-provider-reference-review"
"src/dsxu/engine/session-state.ts","DeepSeek","1","product-source","configured-provider-brand-review","allowed-provider-reference-review"
"src/dsxu/engine/skills-adapter.ts","DeepSeek","1","product-source","configured-provider-brand-review","allowed-provider-reference-review"
"src/dsxu/engine/skills-executor.ts","DeepSeek","1","product-source","configured-provider-brand-review","allowed-provider-reference-review"
"src/dsxu/engine/system-prompt.ts","DeepSeek","1","product-source","configured-provider-brand-review","allowed-provider-reference-review"
"src/dsxu/engine/token-estimator.ts","DeepSeek","1","product-source","configured-provider-brand-review","allowed-provider-reference-review"
"src/dsxu/engine/types.ts","DeepSeek","1","product-source","configured-provider-brand-review","allowed-provider-reference-review"
"src/dsxu/engine/v10-reference-behavior-productization-contract.ts","DeepSeek","1","product-source","configured-provider-brand-review","allowed-provider-reference-review"
"src/dsxu/engine/v11-100-point-roadmap-contract.ts","DeepSeek","1","product-source","configured-provider-brand-review","allowed-provider-reference-review"
"src/dsxu/engine/v18-baseline-failure-reporter.ts","DeepSeek","1","product-source","configured-provider-brand-review","allowed-provider-reference-review"
"src/dsxu/engine/v18-benchmark-readiness.ts","DeepSeek","1","product-source","configured-provider-brand-review","allowed-provider-reference-review"
"src/dsxu/engine/v18-code-terminal-10-runner.ts","DeepSeek","1","product-source","configured-provider-brand-review","allowed-provider-reference-review"
"src/dsxu/engine/v18-evidence-eval-pack.ts","DeepSeek","1","product-source","configured-provider-brand-review","allowed-provider-reference-review"
"src/dsxu/engine/v18-go-stop-decision.ts","DeepSeek","1","product-source","configured-provider-brand-review","allowed-provider-reference-review"
"src/dsxu/engine/v18-live-deepseek-benchmark-gate.ts","DeepSeek","1","product-source","configured-provider-brand-review","allowed-provider-reference-review"
"src/dsxu/engine/v18-live-real-task-compare.ts","DeepSeek","1","product-source","configured-provider-brand-review","allowed-provider-reference-review"
"src/dsxu/engine/v18-model-public-surface-gate.ts","DeepSeek","1","product-source","configured-provider-brand-review","allowed-provider-reference-review"
"src/dsxu/engine/v18-open-source-package-gate.ts","DeepSeek","1","product-source","configured-provider-brand-review","allowed-provider-reference-review"
"src/dsxu/engine/v18-prompt-prefix-cache-builder.ts","DeepSeek","1","product-source","configured-provider-brand-review","allowed-provider-reference-review"
"src/dsxu/engine/v18-proprietary-code-risk-gate.ts","DeepSeek","1","product-source","configured-provider-brand-review","allowed-provider-reference-review"
"src/dsxu/engine/v18-public-surface-clean-gate.ts","DeepSeek","1","product-source","configured-provider-brand-review","allowed-provider-reference-review"
"src/dsxu/engine/v18-real-task-route-plan.ts","DeepSeek","1","product-source","configured-provider-brand-review","allowed-provider-reference-review"
"src/dsxu/engine/v18-route-cache-dynamic-tail.ts","DeepSeek","1","product-source","configured-provider-brand-review","allowed-provider-reference-review"
"src/dsxu/engine/v18-route-cache-roi-smoke.ts","DeepSeek","1","product-source","configured-provider-brand-review","allowed-provider-reference-review"
"src/dsxu/engine/v18-stage-close-readiness.ts","DeepSeek","1","product-source","configured-provider-brand-review","allowed-provider-reference-review"
"src/dsxu/engine/v19-cost-cache-live-task-evidence.ts","DeepSeek","1","product-source","configured-provider-brand-review","allowed-provider-reference-review"
"src/dsxu/engine/v6-mainline-completion-contract.ts","DeepSeek","1","product-source","configured-provider-brand-review","allowed-provider-reference-review"
"src/dsxu/engine/v7-productization-contract.ts","DeepSeek","1","product-source","configured-provider-brand-review","allowed-provider-reference-review"
"src/dsxu/engine/v8-product-build-contract.ts","DeepSeek","1","product-source","configured-provider-brand-review","allowed-provider-reference-review"
"src/dsxu/integration/harness/code-mode-surgical-loop-v1-harness.ts","DeepSeek","1","product-source","configured-provider-brand-review","allowed-provider-reference-review"
"src/dsxu/integration/harness/context-hygiene-v1-harness.ts","DeepSeek","1","product-source","configured-provider-brand-review","allowed-provider-reference-review"
"src/dsxu/integration/harness/experience-store-expanded-replay-v1-harness.ts","DeepSeek","1","product-source","configured-provider-brand-review","allowed-provider-reference-review"
"src/dsxu/integration/harness/experience-store-replay-v1-harness.ts","DeepSeek","1","product-source","configured-provider-brand-review","allowed-provider-reference-review"
"src/dsxu/integration/harness/experience-store-smooth-resume-pack-v1-harness.ts","DeepSeek","1","product-source","configured-provider-brand-review","allowed-provider-reference-review"
"src/dsxu/integration/harness/live-provider-gate-v1-harness.ts","DeepSeek","1","product-source","configured-provider-brand-review","allowed-provider-reference-review"
"src/dsxu/integration/harness/local-agent-background-lifecycle-v1-harness.ts","DeepSeek","1","product-source","configured-provider-brand-review","allowed-provider-reference-review"
"src/dsxu/integration/harness/real-tui-harness.ts","DeepSeek","1","product-source","configured-provider-brand-review","allowed-provider-reference-review"
"src/entrypoints/agentSdkTypes.ts","DeepSeek","1","product-source","configured-provider-brand-review","allowed-provider-reference-review"
"src/entrypoints/dsxu-code.tsx","DeepSeek","1","product-source","configured-provider-brand-review","allowed-provider-reference-review"
"src/entrypoints/sdk/coreSchemas.ts","DeepSeek","1","product-source","configured-provider-brand-review","allowed-provider-reference-review"
"src/localRecoveryCli.ts","DeepSeek","1","product-source","configured-provider-brand-review","allowed-provider-reference-review"
"src/local-work/infrastructure/config/config.service.ts","DeepSeek","1","product-source","configured-provider-brand-review","allowed-provider-reference-review"
"src/main.tsx","DeepSeek","1","product-source","configured-provider-brand-review","allowed-provider-reference-review"
"src/migrations/migrateFennecToOpus.ts","DeepSeek","1","product-source","configured-provider-brand-review","allowed-provider-reference-review"
"src/migrations/migrateLegacyOpusToCurrent.ts","DeepSeek","1","product-source","configured-provider-brand-review","allowed-provider-reference-review"
"src/query.ts","DeepSeek","1","product-source","configured-provider-brand-review","allowed-provider-reference-review"
"src/query/config.ts","DeepSeek","1","product-source","configured-provider-brand-review","allowed-provider-reference-review"
"src/schemas/hooks.ts","DeepSeek","1","product-source","configured-provider-brand-review","allowed-provider-reference-review"
"src/services/__tests__/sampling-policy.test.ts","DeepSeek","1","product-source","configured-provider-brand-review","allowed-provider-reference-review"
"src/services/__tests__/swe-bench.test.ts","DeepSeek","1","product-source","configured-provider-brand-review","allowed-provider-reference-review"
"src/services/api/bootstrap.ts","DeepSeek","1","product-source","configured-provider-brand-review","allowed-provider-reference-review"
"src/services/api/client.ts","DeepSeek","1","product-source","configured-provider-brand-review","allowed-provider-reference-review"
"src/services/api/deepseek-adapter.ts","DeepSeek","1","product-source","configured-provider-brand-review","allowed-provider-reference-review"
"src/services/api/deepseek-adapter-cache-prefix-v1.test.ts","DeepSeek","1","product-source","configured-provider-brand-review","allowed-provider-reference-review"
"src/services/api/deepseek-fim.ts","DeepSeek","1","product-source","configured-provider-brand-review","allowed-provider-reference-review"
"src/services/api/dsxu.ts","DeepSeek","1","product-source","configured-provider-brand-review","allowed-provider-reference-review"
"src/services/api/dsxuTransport.ts","DeepSeek","1","product-source","configured-provider-brand-review","allowed-provider-reference-review"
"src/services/api/promptCacheBreakDetection.ts","DeepSeek","1","product-source","configured-provider-brand-review","allowed-provider-reference-review"
"src/services/auth/dsxuBillingAccess.ts","DeepSeek","1","product-source","configured-provider-brand-review","allowed-provider-reference-review"
"src/services/auth/dsxuProviderAuth.ts","DeepSeek","1","product-source","configured-provider-brand-review","allowed-provider-reference-review"
"src/services/cache-stats.ts","DeepSeek","1","product-source","configured-provider-brand-review","allowed-provider-reference-review"
"src/services/compact/apiMicrocompact.ts","DeepSeek","1","product-source","configured-provider-brand-review","allowed-provider-reference-review"
"src/services/compact/compact.ts","DeepSeek","1","product-source","configured-provider-brand-review","allowed-provider-reference-review"
"src/services/sampling-policy.ts","DeepSeek","1","product-source","configured-provider-brand-review","allowed-provider-reference-review"
"src/services/swe-bench/runner.ts","DeepSeek","1","product-source","configured-provider-brand-review","allowed-provider-reference-review"
"src/services/tools/toolOrchestration.ts","DeepSeek","1","product-source","configured-provider-brand-review","allowed-provider-reference-review"
"src/skills/bundled/dsxuApi.ts","DeepSeek","1","product-source","configured-provider-brand-review","allowed-provider-reference-review"
"src/skills/bundled/dsxuApiContent.ts","DeepSeek","1","product-source","configured-provider-brand-review","allowed-provider-reference-review"
"src/skills/bundled/scheduleRemoteAgents.ts","DeepSeek","1","product-source","configured-provider-brand-review","allowed-provider-reference-review"
"src/skills/bundled/updateConfig.ts","DeepSeek","1","product-source","configured-provider-brand-review","allowed-provider-reference-review"
"src/Tool.ts","DeepSeek","1","product-source","configured-provider-brand-review","allowed-provider-reference-review"
"src/tools/AgentTool/built-in/dsxuCodeGuideAgent.ts","DeepSeek","1","product-source","configured-provider-brand-review","allowed-provider-reference-review"
"src/tools/AgentTool/built-in/exploreAgent.ts","DeepSeek","1","product-source","configured-provider-brand-review","allowed-provider-reference-review"
"src/tools/AgentTool/built-in/generalPurposeAgent.ts","DeepSeek","1","product-source","configured-provider-brand-review","allowed-provider-reference-review"
"src/tools/AgentTool/built-in/planAgent.ts","DeepSeek","1","product-source","configured-provider-brand-review","allowed-provider-reference-review"
"src/tools/AgentTool/built-in/statuslineSetup.ts","DeepSeek","1","product-source","configured-provider-brand-review","allowed-provider-reference-review"
"src/tools/AgentTool/built-in/verificationAgent.ts","DeepSeek","1","product-source","configured-provider-brand-review","allowed-provider-reference-review"
"src/tools/AgentTool/prompt.ts","DeepSeek","1","product-source","configured-provider-brand-review","allowed-provider-reference-review"
"src/tools/AgentTool/runAgent.ts","DeepSeek","1","product-source","configured-provider-brand-review","allowed-provider-reference-review"
"src/tools/BashTool/bashPermissions.ts","DeepSeek","1","product-source","configured-provider-brand-review","allowed-provider-reference-review"
"src/tools/FileReadTool/FileReadTool.ts","DeepSeek","1","product-source","configured-provider-brand-review","allowed-provider-reference-review"
"src/tools/PowerShellTool/pathValidation.ts","DeepSeek","1","product-source","configured-provider-brand-review","allowed-provider-reference-review"
"src/tools/PowerShellTool/powershellPermissions.ts","DeepSeek","1","product-source","configured-provider-brand-review","allowed-provider-reference-review"
"src/tools/schema-lint.ts","DeepSeek","1","product-source","configured-provider-brand-review","allowed-provider-reference-review"
"src/types/command.ts","DeepSeek","1","product-source","configured-provider-brand-review","allowed-provider-reference-review"
"src/utils/analyzeContext.ts","DeepSeek","1","product-source","configured-provider-brand-review","allowed-provider-reference-review"
"src/utils/model/agent.ts","DeepSeek","1","product-source","configured-provider-brand-review","allowed-provider-reference-review"
"src/utils/model/deepseekV4Control.ts","DeepSeek","1","product-source","configured-provider-brand-review","allowed-provider-reference-review"
"src/utils/model/deepseekV4CostRouter.ts","DeepSeek","1","product-source","configured-provider-brand-review","allowed-provider-reference-review"
"src/utils/model/dsxuModel.ts","DeepSeek","1","product-source","configured-provider-brand-review","allowed-provider-reference-review"
"src/utils/model/modelOptions.ts","DeepSeek","1","product-source","configured-provider-brand-review","allowed-provider-reference-review"
"src/utils/model/providerMigration/providerMigration1mAccess.ts","DeepSeek","1","product-source","configured-provider-brand-review","allowed-provider-reference-review"
"src/utils/model/providerMigration/providerMigrationAgentModel.ts","DeepSeek","1","product-source","configured-provider-brand-review","allowed-provider-reference-review"
"src/utils/model/providerMigration/providerMigrationAliases.ts","DeepSeek","1","product-source","configured-provider-brand-review","allowed-provider-reference-review"
"src/utils/model/providerMigration/providerMigrationContext.ts","DeepSeek","1","product-source","configured-provider-brand-review","allowed-provider-reference-review"
"src/utils/model/providerMigration/providerMigrationFastMode.ts","DeepSeek","1","product-source","configured-provider-brand-review","allowed-provider-reference-review"
"src/utils/model/providerMigration/providerMigrationModel.ts","DeepSeek","1","product-source","configured-provider-brand-review","allowed-provider-reference-review"
"src/utils/model/providerMigration/providerMigrationModelCompat.ts","DeepSeek","1","product-source","configured-provider-brand-review","allowed-provider-reference-review"
"src/utils/model/providerMigration/providerMigrationModelOptions.ts","DeepSeek","1","product-source","configured-provider-brand-review","allowed-provider-reference-review"
"src/utils/modelCost.ts","DeepSeek","1","product-source","configured-provider-brand-review","allowed-provider-reference-review"
"src/utils/settings/types.ts","DeepSeek","1","product-source","configured-provider-brand-review","allowed-provider-reference-review"
"src/utils/swarm/spawnUtils.ts","DeepSeek","1","product-source","configured-provider-brand-review","allowed-provider-reference-review"
"src/utils/thinking.ts","DeepSeek","1","product-source","configured-provider-brand-review","allowed-provider-reference-review"
"docs/CONFIGURATION.md","DeepSeek","2","public-release-doc","configured-provider-brand-review","allowed-provider-reference-review"
"docs/DOCTOR_HEALTH.md","DeepSeek","2","public-release-doc","configured-provider-brand-review","allowed-provider-reference-review"
"docs/SECURITY_PERMISSION.md","DeepSeek","2","public-release-doc","configured-provider-brand-review","allowed-provider-reference-review"
"README.md","DeepSeek","14","public-release-doc","configured-provider-brand-review","allowed-provider-reference-review"
"docs/INSTALL.md","Ollama","1","docs-other","third-party-brand-review","internal-ok-review"
"docs/INSTALL.md","OpenAI","1","docs-other","third-party-brand-review","internal-ok-review"
"docs/DSXU_V18_V19_MERGED_AUDIT_20260510_CLEAN.md","Anthropic","1","internal-evidence-doc","third-party-brand-review","internal-ok-review"
"docs/DSXU_V18_V19_MERGED_AUDIT_20260510_CLEAN.md","brand","2","internal-evidence-doc","generic-brand-word-review","internal-ok-review"
"docs/DSXU_V18_V19_MERGED_AUDIT_20260510_CLEAN.md","Claude","1","internal-evidence-doc","third-party-brand-review","internal-ok-review"
"docs/DSXU_V18_V19_MERGED_AUDIT_20260510_CLEAN.md","Codex","1","internal-evidence-doc","third-party-brand-review","internal-ok-review"
"docs/DSXU_V18_V19_MERGED_AUDIT_20260510_CLEAN.md","Ollama","1","internal-evidence-doc","third-party-brand-review","internal-ok-review"
"docs/DSXU_V20_100_POINT_ARCHITECTURE_REVIEW_20260514.md","Claude","1","internal-evidence-doc","third-party-brand-review","internal-ok-review"
"docs/DSXU_V20_C2_FULL_OWNER_EXECUTION_20260514.md","Claude","1","internal-evidence-doc","third-party-brand-review","internal-ok-review"
"docs/DSXU_V20_C2_OGR_CROSS_SIGNOFF_20260514.md","Claude","1","internal-evidence-doc","third-party-brand-review","internal-ok-review"
"docs/DSXU_V20_CLAUDE_EXPERIENCE_DATA_AUDIT_20260514.md","Anthropic","1","internal-evidence-doc","third-party-brand-review","internal-ok-review"
"docs/DSXU_V20_CLAUDE_EXPERIENCE_DATA_AUDIT_20260514.md","Claude","1","internal-evidence-doc","third-party-brand-review","internal-ok-review"
"docs/DSXU_V20_CLAUDE_SRC_COMPARATIVE_ABSORPTION_REVIEW_20260514.md","Anthropic","1","internal-evidence-doc","third-party-brand-review","internal-ok-review"
"docs/DSXU_V20_CLAUDE_SRC_COMPARATIVE_ABSORPTION_REVIEW_20260514.md","Claude","1","internal-evidence-doc","third-party-brand-review","internal-ok-review"
"docs/DSXU_V20_COMMERCIAL_IP_BRAND_RELEASE_GATE_20260515.md","brand","2","internal-evidence-doc","generic-brand-word-review","internal-ok-review"
"docs/DSXU_V20_COMMERCIAL_IP_BRAND_RELEASE_GATE_20260515.md","copyright","1","internal-evidence-doc","legal-term-review","internal-ok-review"
"docs/DSXU_V20_COMMERCIAL_IP_BRAND_RELEASE_GATE_20260515.md","patent","1","internal-evidence-doc","legal-term-review","internal-ok-review"
"docs/DSXU_V20_COMMERCIAL_IP_BRAND_RELEASE_GATE_20260515.md","trademark","1","internal-evidence-doc","legal-term-review","internal-ok-review"
"docs/DSXU_V20_EXTERNAL_VISIBLE_STATE_OWNER_REVIEW_20260515.md","AionUi","1","internal-evidence-doc","third-party-brand-review","internal-ok-review"
"docs/DSXU_V20_EXTERNAL_VISIBLE_STATE_OWNER_REVIEW_20260515.md","browser-use","1","internal-evidence-doc","third-party-brand-review","internal-ok-review"
"docs/DSXU_V20_EXTERNAL_VISIBLE_STATE_OWNER_REVIEW_20260515.md","Cherry","1","internal-evidence-doc","third-party-brand-review","internal-ok-review"
"docs/DSXU_V20_EXTERNAL_VISIBLE_STATE_OWNER_REVIEW_20260515.md","Warp","1","internal-evidence-doc","third-party-brand-review","internal-ok-review"
"docs/DSXU_V20_FULL_CODE_INTEGRATION_ASSESSMENT_20260514.md","Anthropic","1","internal-evidence-doc","third-party-brand-review","internal-ok-review"
"docs/DSXU_V20_FULL_CODE_INTEGRATION_ASSESSMENT_20260514.md","Claude","1","internal-evidence-doc","third-party-brand-review","internal-ok-review"
"docs/DSXU_V20_MAINLINE_OWNER_MAP_20260514.md","Claude","1","internal-evidence-doc","third-party-brand-review","internal-ok-review"
"docs/DSXU_V20_MASTER_PLAN_20260514.md","AionUi","1","internal-evidence-doc","third-party-brand-review","internal-ok-review"
"docs/DSXU_V20_MASTER_PLAN_20260514.md","Anthropic","1","internal-evidence-doc","third-party-brand-review","internal-ok-review"
"docs/DSXU_V20_MASTER_PLAN_20260514.md","brand","2","internal-evidence-doc","generic-brand-word-review","internal-ok-review"
"docs/DSXU_V20_MASTER_PLAN_20260514.md","browser-use","1","internal-evidence-doc","third-party-brand-review","internal-ok-review"
"docs/DSXU_V20_MASTER_PLAN_20260514.md","Cherry","1","internal-evidence-doc","third-party-brand-review","internal-ok-review"
"docs/DSXU_V20_MASTER_PLAN_20260514.md","Claude","1","internal-evidence-doc","third-party-brand-review","internal-ok-review"
"docs/DSXU_V20_MASTER_PLAN_20260514.md","Codex","1","internal-evidence-doc","third-party-brand-review","internal-ok-review"
"docs/DSXU_V20_MASTER_PLAN_20260514.md","GPT-5","1","internal-evidence-doc","third-party-brand-review","internal-ok-review"
"docs/DSXU_V20_MASTER_PLAN_20260514.md","Ollama","1","internal-evidence-doc","third-party-brand-review","internal-ok-review"
"docs/DSXU_V20_MASTER_PLAN_20260514.md","OpenAI","1","internal-evidence-doc","third-party-brand-review","internal-ok-review"
"docs/DSXU_V20_MASTER_PLAN_20260514.md","Warp","1","internal-evidence-doc","third-party-brand-review","internal-ok-review"
"docs/DSXU_V20_OWNER_GAP_MATRIX_20260514.md","Anthropic","1","internal-evidence-doc","third-party-brand-review","internal-ok-review"
"docs/DSXU_V20_OWNER_GAP_MATRIX_20260514.md","Claude","1","internal-evidence-doc","third-party-brand-review","internal-ok-review"
"docs/DSXU_V20_OWNER_GIT_REVIEW_EXECUTION_20260514.md","AionUi","1","internal-evidence-doc","third-party-brand-review","internal-ok-review"
"docs/DSXU_V20_OWNER_GIT_REVIEW_EXECUTION_20260514.md","browser-use","1","internal-evidence-doc","third-party-brand-review","internal-ok-review"
"docs/DSXU_V20_OWNER_GIT_REVIEW_EXECUTION_20260514.md","Cherry","1","internal-evidence-doc","third-party-brand-review","internal-ok-review"
"docs/DSXU_V20_OWNER_GIT_REVIEW_EXECUTION_20260514.md","Claude","1","internal-evidence-doc","third-party-brand-review","internal-ok-review"
"docs/DSXU_V20_OWNER_GIT_REVIEW_EXECUTION_20260514.md","Ollama","1","internal-evidence-doc","third-party-brand-review","internal-ok-review"
"docs/DSXU_V20_OWNER_GIT_REVIEW_EXECUTION_20260514.md","OpenAI","1","internal-evidence-doc","third-party-brand-review","internal-ok-review"
"docs/DSXU_V20_OWNER_GIT_REVIEW_EXECUTION_20260514.md","Warp","1","internal-evidence-doc","third-party-brand-review","internal-ok-review"
"docs/DSXU_V20_P1_PRODUCT_SIGNAL_OWNER_CLEANUP_20260514.md","Claude","1","internal-evidence-doc","third-party-brand-review","internal-ok-review"
"docs/DSXU_V20_REAL_GAP_PRODUCTIZATION_REVIEW_20260514.md","AionUi","1","internal-evidence-doc","third-party-brand-review","internal-ok-review"
"docs/DSXU_V20_REAL_GAP_PRODUCTIZATION_REVIEW_20260514.md","browser-use","1","internal-evidence-doc","third-party-brand-review","internal-ok-review"
"docs/DSXU_V20_REAL_GAP_PRODUCTIZATION_REVIEW_20260514.md","Cherry","1","internal-evidence-doc","third-party-brand-review","internal-ok-review"
"docs/DSXU_V20_REAL_GAP_PRODUCTIZATION_REVIEW_20260514.md","Claude","1","internal-evidence-doc","third-party-brand-review","internal-ok-review"
"docs/DSXU_V20_REAL_GAP_PRODUCTIZATION_REVIEW_20260514.md","Warp","1","internal-evidence-doc","third-party-brand-review","internal-ok-review"
"docs/DSXU_V20_REAL_OPERATION_TEST_ACCEPTANCE_20260514.md","Claude","1","internal-evidence-doc","third-party-brand-review","internal-ok-review"
"src/commands/install.tsx","brand","1","product-source","generic-brand-word-review","internal-ok-review"
"src/commands/install-github-app/setupGitHubActions.ts","brand","1","product-source","generic-brand-word-review","internal-ok-review"
"src/components/EffortCallout.tsx","brand","1","product-source","generic-brand-word-review","internal-ok-review"
"src/components/LogoV2/GuestPassesUpsell.tsx","brand","1","product-source","generic-brand-word-review","internal-ok-review"
"src/components/LogoV2/OverageCreditUpsell.tsx","brand","1","product-source","generic-brand-word-review","internal-ok-review"
"src/components/LogoV2/WelcomeV2.tsx","brand","1","product-source","generic-brand-word-review","internal-ok-review"
"src/components/mcp/MCPRemoteServerMenu.tsx","brand","1","product-source","generic-brand-word-review","internal-ok-review"
"src/components/Spinner.tsx","brand","1","product-source","generic-brand-word-review","internal-ok-review"
"src/components/Stats.tsx","brand","1","product-source","generic-brand-word-review","internal-ok-review"
"src/components/TeleportProgress.tsx","brand","1","product-source","generic-brand-word-review","internal-ok-review"
"src/dsxu/engine/v18-proprietary-code-risk-gate.ts","brand","1","product-source","generic-brand-word-review","internal-ok-review"
"src/hooks/useVirtualScroll.ts","brand","1","product-source","generic-brand-word-review","internal-ok-review"
"src/local-work/core/task/entities/task.entity.ts","brand","1","product-source","generic-brand-word-review","internal-ok-review"
"src/migrations/migrateSonnet45ToSonnet46.ts","brand","1","product-source","generic-brand-word-review","internal-ok-review"
"src/services/tips/tipRegistry.ts","brand","1","product-source","generic-brand-word-review","internal-ok-review"
"src/services/voiceKeyterms.ts","brand","1","product-source","generic-brand-word-review","internal-ok-review"
"src/skills/bundled/simplify.ts","brand","1","product-source","generic-brand-word-review","internal-ok-review"
"src/types/ids.ts","brand","1","product-source","generic-brand-word-review","internal-ok-review"
"src/utils/analyzeContext.ts","brand","1","product-source","generic-brand-word-review","internal-ok-review"
"src/utils/systemPromptType.ts","brand","1","product-source","generic-brand-word-review","internal-ok-review"
"src/utils/theme.ts","brand","1","product-source","generic-brand-word-review","internal-ok-review"
"src/tools/MCPTool/classifyForCollapse.ts","copyright","1","product-source","legal-term-review","product-source-legal-review-required"
"src/tools/WebFetchTool/prompt.ts","copyright","1","product-source","legal-term-review","product-source-legal-review-required"
"src/utils/ansiToPng.ts","copyright","1","product-source","legal-term-review","product-source-legal-review-required"
"src/utils/vendor/ripgrep/x64-linux/rg","copyright","1","product-source","legal-term-review","product-source-legal-review-required"
"src/utils/vendor/ripgrep/x64-linux/rg","patent","1","product-source","legal-term-review","product-source-legal-review-required"
"src/utils/vendor/ripgrep/x64-win32/rg.exe","copyright","1","product-source","legal-term-review","product-source-legal-review-required"
"src/utils/vendor/ripgrep/x64-win32/rg.exe","patent","1","product-source","legal-term-review","product-source-legal-review-required"
"src/commands/terminalSetup/terminalSetup.tsx","Warp","1","product-source","third-party-brand-review","product-source-review-required"
"src/components/LogoV2/assets/dsxu-mascot.png","OpenAI","1","product-source","third-party-brand-review","product-source-review-required"
"src/components/LogoV2/assets/dsxu-mascot-terminal.png","OpenAI","1","product-source","third-party-brand-review","product-source-review-required"
"src/components/messages/CollapsedReadSearchContent.tsx","Cherry","1","product-source","third-party-brand-review","product-source-review-required"
"src/components/PromptInput/PromptInputFooterLeftSide.tsx","GPT5","1","product-source","third-party-brand-review","product-source-review-required"
"src/constants/spinnerVerbs.ts","Warp","1","product-source","third-party-brand-review","product-source-review-required"
"src/coordinator/coordinatorMode.ts","Cherry","1","product-source","third-party-brand-review","product-source-review-required"
"src/dsxu/engine/__tests__/api-service.test.ts","Ollama","1","product-source","third-party-brand-review","product-source-review-required"
"src/dsxu/engine/__tests__/api-service.test.ts","OpenAI","1","product-source","third-party-brand-review","product-source-review-required"
"src/dsxu/engine/__tests__/llm-adapter-owner-v1.test.ts","Ollama","1","product-source","third-party-brand-review","product-source-review-required"
"src/dsxu/engine/__tests__/llm-adapter-owner-v1.test.ts","OpenAI","1","product-source","third-party-brand-review","product-source-review-required"
"src/dsxu/engine/__tests__/provider-contract-v1.test.ts","Ollama","1","product-source","third-party-brand-review","product-source-review-required"
"src/dsxu/engine/__tests__/provider-contract-v1.test.ts","OpenAI","1","product-source","third-party-brand-review","product-source-review-required"
"src/dsxu/engine/__tests__/raw-evidence-readiness-register-v1.test.ts","Codex","1","product-source","third-party-brand-review","product-source-review-required"
"src/dsxu/engine/__tests__/toolchain-selfcheck-v1.test.ts","Codex","1","product-source","third-party-brand-review","product-source-review-required"
"src/dsxu/engine/__tests__/toolchain-selfcheck-v1.test.ts","OpenAI","1","product-source","third-party-brand-review","product-source-review-required"
"src/dsxu/engine/__tests__/tool-protocol/integration.test.ts","Cherry","1","product-source","third-party-brand-review","product-source-review-required"
"src/dsxu/engine/__tests__/wave5-doctor.test.ts","OpenAI","1","product-source","third-party-brand-review","product-source-review-required"
"src/dsxu/engine/__tests__/worktree-orchestrator.test.ts","Codex","1","product-source","third-party-brand-review","product-source-review-required"
"src/dsxu/engine/adapters/bash-adapter.ts","Cherry","1","product-source","third-party-brand-review","product-source-review-required"
"src/dsxu/engine/api-service.ts","Ollama","1","product-source","third-party-brand-review","product-source-review-required"
"src/dsxu/engine/api-service.ts","OpenAI","1","product-source","third-party-brand-review","product-source-review-required"
"src/dsxu/engine/config.ts","Ollama","1","product-source","third-party-brand-review","product-source-review-required"
"src/dsxu/engine/config.ts","OpenAI","1","product-source","third-party-brand-review","product-source-review-required"
"src/dsxu/engine/doctor.ts","OpenAI","1","product-source","third-party-brand-review","product-source-review-required"
"src/dsxu/engine/high-pressure-reference-absorption-contract.ts","Codex","1","product-source","third-party-brand-review","product-source-review-required"
"src/dsxu/engine/index.ts","Codex","1","product-source","third-party-brand-review","product-source-review-required"
"src/dsxu/engine/llm-adapter.ts","OpenAI","1","product-source","third-party-brand-review","product-source-review-required"
"src/dsxu/engine/model-gateway-client.ts","OpenAI","1","product-source","third-party-brand-review","product-source-review-required"
"src/dsxu/engine/model-routing-control.ts","Ollama","1","product-source","third-party-brand-review","product-source-review-required"
"src/dsxu/engine/model-routing-control.ts","OpenAI","1","product-source","third-party-brand-review","product-source-review-required"
"src/dsxu/engine/next-stage-productization-contract.ts","Codex","1","product-source","third-party-brand-review","product-source-review-required"
"src/dsxu/engine/product-reality-hardening-contract.ts","Codex","1","product-source","third-party-brand-review","product-source-review-required"
"src/dsxu/engine/v10-reference-behavior-productization-contract.ts","Claude","1","product-source","third-party-brand-review","product-source-review-required"
"src/dsxu/engine/v11-100-point-roadmap-contract.ts","Codex","1","product-source","third-party-brand-review","product-source-review-required"
"src/dsxu/engine/worktree-orchestrator.ts","Codex","1","product-source","third-party-brand-review","product-source-review-required"
"src/dsxu/integration/harness/raw-evidence-readiness-register-v1-harness.ts","Codex","1","product-source","third-party-brand-review","product-source-review-required"
"src/dsxu/integration/harness/toolchain-selfcheck-v1-harness.ts","Codex","1","product-source","third-party-brand-review","product-source-review-required"
"src/dsxu/integration/harness/toolchain-selfcheck-v1-harness.ts","OpenAI","1","product-source","third-party-brand-review","product-source-review-required"
"src/dsxu/msa/__tests__/embedding-ollama.test.ts","Ollama","1","product-source","third-party-brand-review","product-source-review-required"
"src/ink/terminal.ts","Warp","1","product-source","third-party-brand-review","product-source-review-required"
"src/local-work/infrastructure/config/config.service.ts","OpenAI","1","product-source","third-party-brand-review","product-source-review-required"
"src/services/api/deepseek-adapter.ts","Codex","1","product-source","third-party-brand-review","product-source-review-required"
"src/services/api/deepseek-adapter.ts","OpenAI","1","product-source","third-party-brand-review","product-source-review-required"
"src/services/teamMemorySync/secretScanner.ts","OpenAI","1","product-source","third-party-brand-review","product-source-review-required"
"src/skills/bundled/dsxuApi.ts","OpenAI","1","product-source","third-party-brand-review","product-source-review-required"
"src/skills/bundled/dsxuApiContent.ts","OpenAI","1","product-source","third-party-brand-review","product-source-review-required"
"src/skills/bundled/skillify.ts","Cherry","1","product-source","third-party-brand-review","product-source-review-required"
"src/tools/AgentTool/built-in/dsxuCodeGuideAgent.ts","OpenAI","1","product-source","third-party-brand-review","product-source-review-required"
"src/tools/AskUserQuestionTool/AskUserQuestionTool.tsx","GPT5","1","product-source","third-party-brand-review","product-source-review-required"
"src/tools/shared/gitOperationTracking.ts","Cherry","1","product-source","third-party-brand-review","product-source-review-required"
"src/utils/commitAttribution.ts","Cherry","1","product-source","third-party-brand-review","product-source-review-required"
"src/utils/computerUse/common.ts","Warp","1","product-source","third-party-brand-review","product-source-review-required"
"src/utils/gitDiff.ts","Cherry","1","product-source","third-party-brand-review","product-source-review-required"
"src/utils/shell/readOnlyCommandValidation.ts","Cherry","1","product-source","third-party-brand-review","product-source-review-required"
"src/utils/vendor/ripgrep/x64-win32/rg.exe","Codex","1","product-source","third-party-brand-review","product-source-review-required"
