"path","surface","severity","filenameHits","contentHits","lineHits","requiredAction"
"CHANGELOG.md","other","ok","","V20","3","review before public release if exposed to users"
"docs/CONFIGURATION.md","other","ok","","V20","1","review before public release if exposed to users"
"docs/CONTRIBUTING.md","other","ok","","V20","3","review before public release if exposed to users"
"docs/DOCTOR_HEALTH.md","other","ok","","V20","2","review before public release if exposed to users"
"docs/DSXU_V18_V19_MERGED_AUDIT_20260510_CLEAN.md","historical-evidence","allowed-evidence","V18","v10;V10;v11;v12;V14;v18;V18;v19;V19;v8;v9","163","keep for traceability; future product docs should link through docs/evidence instead of copying this name"
"docs/DSXU_V20_100_POINT_ARCHITECTURE_REVIEW_20260514.md","historical-evidence","allowed-evidence","V20","V18;V20","14","keep for traceability; future product docs should link through docs/evidence instead of copying this name"
"docs/DSXU_V20_ACL_RESIDUE_REVIEW_20260515.md","historical-evidence","allowed-evidence","V20","V20","3","keep for traceability; future product docs should link through docs/evidence instead of copying this name"
"docs/DSXU_V20_ACL_RESIDUE_SIGNOFF_20260515.md","historical-evidence","allowed-evidence","V20","V20","3","keep for traceability; future product docs should link through docs/evidence instead of copying this name"
"docs/DSXU_V20_BATCH_CLOSURE_BOARD_20260514.md","historical-evidence","allowed-evidence","V20","V18;V20","4","keep for traceability; future product docs should link through docs/evidence instead of copying this name"
"docs/DSXU_V20_C2_FULL_OWNER_EXECUTION_20260514.md","historical-evidence","allowed-evidence","V20","V20","11","keep for traceability; future product docs should link through docs/evidence instead of copying this name"
"docs/DSXU_V20_C2_OGR_CROSS_SIGNOFF_20260514.md","historical-evidence","allowed-evidence","V20","V20","24","keep for traceability; future product docs should link through docs/evidence instead of copying this name"
"docs/DSXU_V20_C2_OGR_CROSS_SIGNOFF_20260515.md","historical-evidence","allowed-evidence","V20","V20","11","keep for traceability; future product docs should link through docs/evidence instead of copying this name"
"docs/DSXU_V20_CLAUDE_EXPERIENCE_DATA_AUDIT_20260514.md","historical-evidence","allowed-evidence","V20","V20","8","keep for traceability; future product docs should link through docs/evidence instead of copying this name"
"docs/DSXU_V20_CLAUDE_SRC_COMPARATIVE_ABSORPTION_REVIEW_20260514.md","historical-evidence","allowed-evidence","V20","V18;V20","36","keep for traceability; future product docs should link through docs/evidence instead of copying this name"
"docs/DSXU_V20_CLOSURE_BOARD_20260515.md","historical-evidence","allowed-evidence","V20","v11;V11;v18;v19;v20;V20;v7;V7;v8","28","keep for traceability; future product docs should link through docs/evidence instead of copying this name"
"docs/DSXU_V20_COMMERCIAL_IP_BRAND_ADJUDICATION_20260515.md","historical-evidence","allowed-evidence","V20","V20","5","keep for traceability; future product docs should link through docs/evidence instead of copying this name"
"docs/DSXU_V20_COMMERCIAL_IP_BRAND_RELEASE_GATE_20260515.md","historical-evidence","allowed-evidence","V20","V20","7","keep for traceability; future product docs should link through docs/evidence instead of copying this name"
"docs/DSXU_V20_DELETION_GIT_MUTATION_SIGNOFF_20260515.md","historical-evidence","allowed-evidence","V20","V20","15","keep for traceability; future product docs should link through docs/evidence instead of copying this name"
"docs/DSXU_V20_DELETION_MUTATION_REVIEW_20260514.md","historical-evidence","allowed-evidence","V20","V20","12","keep for traceability; future product docs should link through docs/evidence instead of copying this name"
"docs/DSXU_V20_DELETION_MUTATION_REVIEW_20260515.md","historical-evidence","allowed-evidence","V20","V20","15","keep for traceability; future product docs should link through docs/evidence instead of copying this name"
"docs/DSXU_V20_EXTERNAL_VISIBLE_STATE_OWNER_REVIEW_20260515.md","historical-evidence","allowed-evidence","V20","V20","10","keep for traceability; future product docs should link through docs/evidence instead of copying this name"
"docs/DSXU_V20_FALSE_COMPLETION_AUDIT_20260515.md","historical-evidence","allowed-evidence","V20","V20","4","keep for traceability; future product docs should link through docs/evidence instead of copying this name"
"docs/DSXU_V20_FULL_CODE_INTEGRATION_ASSESSMENT_20260514.md","historical-evidence","allowed-evidence","V20","V14;V20","29","keep for traceability; future product docs should link through docs/evidence instead of copying this name"
"docs/DSXU_V20_MAINLINE_OWNER_MAP_20260514.md","historical-evidence","allowed-evidence","V20","V20","18","keep for traceability; future product docs should link through docs/evidence instead of copying this name"
"docs/DSXU_V20_MASTER_PLAN_20260514.md","historical-evidence","allowed-evidence","V20","v10;v11;V11;V14;v18;V18;v19;v20;V20;v7;V7;v8;v9","391","keep for traceability; future product docs should link through docs/evidence instead of copying this name"
"docs/DSXU_V20_OGR01_DOCS_RELEASE_EVIDENCE_SIGNOFF_20260514.md","historical-evidence","allowed-evidence","V20","V20","4","keep for traceability; future product docs should link through docs/evidence instead of copying this name"
"docs/DSXU_V20_OGR02_DELETE_PACKET_SIGNOFF_20260514.md","historical-evidence","allowed-evidence","V20","v10;V20","8","keep for traceability; future product docs should link through docs/evidence instead of copying this name"
"docs/DSXU_V20_OGR12_REPLACE_DELETE_MUTATION_REVIEW_20260514.md","historical-evidence","allowed-evidence","V20","V20","3","keep for traceability; future product docs should link through docs/evidence instead of copying this name"
"docs/DSXU_V20_OGR12_SHARED_UTILITY_IMPORT_USE_REVIEW_20260514.md","historical-evidence","allowed-evidence","V20","V20","4","keep for traceability; future product docs should link through docs/evidence instead of copying this name"
"docs/DSXU_V20_OWNER_GAP_MATRIX_20260514.md","historical-evidence","allowed-evidence","V20","V20","11","keep for traceability; future product docs should link through docs/evidence instead of copying this name"
"docs/DSXU_V20_OWNER_GIT_REVIEW_EXECUTION_20260514.md","historical-evidence","allowed-evidence","V20","v10;v11;V11;V14;v18;v19;v20;V20","124","keep for traceability; future product docs should link through docs/evidence instead of copying this name"
"docs/DSXU_V20_OWNER_GIT_REVIEW_REGISTER_REFRESH_20260515.md","historical-evidence","allowed-evidence","V20","V20","24","keep for traceability; future product docs should link through docs/evidence instead of copying this name"
"docs/DSXU_V20_OWNER_PACKET_RUNTIME_REDLINE_ADJUDICATION_20260515.md","historical-evidence","allowed-evidence","V20","V20","8","keep for traceability; future product docs should link through docs/evidence instead of copying this name"
"docs/DSXU_V20_OWNER_PACKET_RUNTIME_REDLINE_REVIEW_20260514.md","historical-evidence","allowed-evidence","V20","V20","9","keep for traceability; future product docs should link through docs/evidence instead of copying this name"
"docs/DSXU_V20_OWNER_PACKET_RUNTIME_REDLINE_REVIEW_20260515.md","historical-evidence","allowed-evidence","V20","V20","12","keep for traceability; future product docs should link through docs/evidence instead of copying this name"
"docs/DSXU_V20_OWNER_PACKET_SIGNOFF_EXECUTION_20260514.md","historical-evidence","allowed-evidence","V20","v18;V20","44","keep for traceability; future product docs should link through docs/evidence instead of copying this name"
"docs/DSXU_V20_OWNER_PACKET_SIGNOFF_EXECUTION_20260515.md","historical-evidence","allowed-evidence","V20","V20","22","keep for traceability; future product docs should link through docs/evidence instead of copying this name"
"docs/DSXU_V20_OWNER_PACKET_SIGNOFF_EXECUTION_UPDATE_20260514.md","historical-evidence","allowed-evidence","V20","V20","3","keep for traceability; future product docs should link through docs/evidence instead of copying this name"
"docs/DSXU_V20_P0_SOURCE_CLEANUP_EXECUTION_20260514.md","historical-evidence","allowed-evidence","V20","v10;V10;V14;V15;V18;V20;v6;V6;v9","37","keep for traceability; future product docs should link through docs/evidence instead of copying this name"
"docs/DSXU_V20_P1_PRODUCT_SIGNAL_OWNER_CLEANUP_20260514.md","historical-evidence","allowed-evidence","V20","v10;v18;V18;V20;v6;v9","19","keep for traceability; future product docs should link through docs/evidence instead of copying this name"
"docs/DSXU_V20_PRIORITY_OWNER_PACKET_REVIEW_20260514.md","historical-evidence","allowed-evidence","V20","V20","7","keep for traceability; future product docs should link through docs/evidence instead of copying this name"
"docs/DSXU_V20_REAL_GAP_ACCEPTANCE_PROGRESS_20260515.md","historical-evidence","allowed-evidence","V20","v20;V20","10","keep for traceability; future product docs should link through docs/evidence instead of copying this name"
"docs/DSXU_V20_REAL_GAP_PRODUCTIZATION_REVIEW_20260514.md","historical-evidence","allowed-evidence","V20","v20;V20","8","keep for traceability; future product docs should link through docs/evidence instead of copying this name"
"docs/DSXU_V20_REAL_OPERATION_TEST_ACCEPTANCE_20260514.md","historical-evidence","allowed-evidence","V20","v18;V18;v19;V19;V20","33","keep for traceability; future product docs should link through docs/evidence instead of copying this name"
"docs/DSXU_V20_RELEASE_SURFACE_OWNER_EXECUTION_20260514.md","historical-evidence","allowed-evidence","V20","V18;V20","5","keep for traceability; future product docs should link through docs/evidence instead of copying this name"
"docs/DSXU_V24_C2_1902_FULL_EVIDENCE_JOIN_20260515.md","historical-evidence","allowed-evidence","V24","V20;V24","12","keep for traceability; future product docs should link through docs/evidence instead of copying this name"
"docs/DSXU_V24_C2_LOOP_REAL_ACCEPTANCE_20260515.md","historical-evidence","allowed-evidence","V24","v24;V24","10","keep for traceability; future product docs should link through docs/evidence instead of copying this name"
"docs/DSXU_V24_CLEAN_EXPORT_ARTIFACT_20260515.md","historical-evidence","allowed-evidence","V24","v24;V24","4","keep for traceability; future product docs should link through docs/evidence instead of copying this name"
"docs/DSXU_V24_COMPLETED_REACCEPTANCE_20260515.md","historical-evidence","allowed-evidence","V24","v24;V24","9","keep for traceability; future product docs should link through docs/evidence instead of copying this name"
"docs/DSXU_V24_COMPLEX_TASK_ACCEPTANCE_20260515.md","historical-evidence","allowed-evidence","V24","V20;v24;V24","14","keep for traceability; future product docs should link through docs/evidence instead of copying this name"
"docs/DSXU_V24_EXECUTION_BATCH_20260515.md","historical-evidence","allowed-evidence","V24","V24","21","keep for traceability; future product docs should link through docs/evidence instead of copying this name"
"docs/DSXU_V24_EXECUTION_PLAN_20260515.md","historical-evidence","allowed-evidence","V24","V18;V19;V20;v24;V24;V26","237","keep for traceability; future product docs should link through docs/evidence instead of copying this name"
"docs/DSXU_V24_FRESH_INSTALL_RELEASE_SMOKE_20260515.md","historical-evidence","allowed-evidence","V24","v24;V24","9","keep for traceability; future product docs should link through docs/evidence instead of copying this name"
"docs/DSXU_V24_GITHUB_OPEN_SOURCE_LAUNCH_PACK_20260515.md","historical-evidence","allowed-evidence","V24","V24","6","keep for traceability; future product docs should link through docs/evidence instead of copying this name"
"docs/DSXU_V24_INTERACTIVE_TUI_ACCEPTANCE_20260515.md","historical-evidence","allowed-evidence","V24","v24;V24","12","keep for traceability; future product docs should link through docs/evidence instead of copying this name"
"docs/DSXU_V24_PRODUCT_BENCHMARK_DATA_PACK_20260515.md","historical-evidence","allowed-evidence","V24","V20;v24;V24","19","keep for traceability; future product docs should link through docs/evidence instead of copying this name"
"docs/DSXU_V24_PUBLIC_CHALLENGE_PACKAGE_20260515.md","historical-evidence","allowed-evidence","V24","v24;V24","11","keep for traceability; future product docs should link through docs/evidence instead of copying this name"
"docs/DSXU_V24_SECTION_4_5_EXPERIENCE_LOOP_AUDIT_20260515.md","historical-evidence","allowed-evidence","V24","v24;V24","9","keep for traceability; future product docs should link through docs/evidence instead of copying this name"
"docs/DSXU_V24_SENIOR_CODING_WINDOW_20260515.md","historical-evidence","allowed-evidence","V24","v24;V24","28","keep for traceability; future product docs should link through docs/evidence instead of copying this name"
"docs/DSXU_V24_SIX_STAGE_FINAL_TESTS_20260515.md","historical-evidence","allowed-evidence","V24","v18;v20;v24;V24","22","keep for traceability; future product docs should link through docs/evidence instead of copying this name"
"docs/DSXU_V26_C2_CAPABILITY_LOSS_BOARD_20260515.md","historical-evidence","allowed-evidence","V26","V20;V26","48","keep for traceability; future product docs should link through docs/evidence instead of copying this name"
"docs/DSXU_V26_MASTER_PLAN_20260515.md","historical-evidence","allowed-evidence","V26","v10;V10;V12;V13;V15;v18;V18;v20;V20;v24;V24;v26;V26;v6;V6;V8","87","keep for traceability; future product docs should link through docs/evidence instead of copying this name"
"docs/DSXU_V26_NAMING_GOVERNANCE_BOARD_20260515.md","historical-evidence","allowed-evidence","V26","v10;V18;v20;V20;v24;v26;V26","53","keep for traceability; future product docs should link through docs/evidence instead of copying this name"
"docs/INSTALL.md","other","ok","","V20","3","review before public release if exposed to users"
"docs/RELEASE_RUNBOOK.md","other","ok","","V20","2","review before public release if exposed to users"
"docs/SECURITY_PERMISSION.md","other","ok","","V20","1","review before public release if exposed to users"
"docs/TOOL_SURFACE.md","other","ok","","V20","4","review before public release if exposed to users"
"docs/evidence/assets/legacy-v24/dsxu-v24-acceptance-gates.svg","historical-evidence","allowed-evidence","v24","V24","2","legacy evidence asset retained for traceability; public product assets must use stable names"
"docs/evidence/assets/legacy-v24/dsxu-v24-release-readiness.svg","historical-evidence","allowed-evidence","v24","V24","2","legacy evidence asset retained for traceability; public product assets must use stable names"
"docs/evidence/assets/legacy-v24/dsxu-v24-routing-mix.svg","historical-evidence","allowed-evidence","v24","V24","2","legacy evidence asset retained for traceability; public product assets must use stable names"
"docs/generated/DSXU_V20_ACL_RESIDUE_CLOSURE_PLAN_20260515.csv","historical-evidence","allowed-evidence","V20","v10","3","keep for traceability; future product docs should link through docs/evidence instead of copying this name"
"docs/generated/DSXU_V20_ACL_RESIDUE_CLOSURE_PLAN_20260515.json","historical-evidence","allowed-evidence","V20","v10;v20","7","keep for traceability; future product docs should link through docs/evidence instead of copying this name"
"docs/generated/DSXU_V20_ACL_RESIDUE_PREFLIGHT_20260515.csv","historical-evidence","allowed-evidence","V20","v10","3","keep for traceability; future product docs should link through docs/evidence instead of copying this name"
"docs/generated/DSXU_V20_ACL_RESIDUE_PREFLIGHT_20260515.json","historical-evidence","allowed-evidence","V20","v10;v20","4","keep for traceability; future product docs should link through docs/evidence instead of copying this name"
"docs/generated/DSXU_V20_ACL_RESIDUE_REVIEW_20260515.csv","historical-evidence","allowed-evidence","V20","","0","keep for traceability; future product docs should link through docs/evidence instead of copying this name"
"docs/generated/DSXU_V20_ACL_RESIDUE_REVIEW_SUMMARY_20260515.json","historical-evidence","allowed-evidence","V20","v20","1","keep for traceability; future product docs should link through docs/evidence instead of copying this name"
"docs/generated/DSXU_V20_ACL_RESIDUE_SIGNOFF_20260515.csv","historical-evidence","allowed-evidence","V20","v10","3","keep for traceability; future product docs should link through docs/evidence instead of copying this name"
"docs/generated/DSXU_V20_ACL_RESIDUE_SIGNOFF_SUMMARY_20260515.json","historical-evidence","allowed-evidence","V20","v20","1","keep for traceability; future product docs should link through docs/evidence instead of copying this name"
"docs/generated/DSXU_V20_BATCH_CLOSURE_BOARD_20260514.csv","historical-evidence","allowed-evidence","V20","V18;V20","1","keep for traceability; future product docs should link through docs/evidence instead of copying this name"
"docs/generated/DSXU_V20_BATCH_CLOSURE_BOARD_SUMMARY_20260514.json","historical-evidence","allowed-evidence","V20","V18;v20;V20","15","keep for traceability; future product docs should link through docs/evidence instead of copying this name"
"docs/generated/DSXU_V20_BLOCKER_ACTION_BOARD_20260515.csv","historical-evidence","allowed-evidence","V20","","0","keep for traceability; future product docs should link through docs/evidence instead of copying this name"
"docs/generated/DSXU_V20_BLOCKER_ACTION_BOARD_20260515.json","historical-evidence","allowed-evidence","V20","v20","1","keep for traceability; future product docs should link through docs/evidence instead of copying this name"
"docs/generated/DSXU_V20_C2_FINAL_ABSORPTION_SIGNOFF_20260515.csv","historical-evidence","allowed-evidence","V20","V20","1902","keep for traceability; future product docs should link through docs/evidence instead of copying this name"
"docs/generated/DSXU_V20_C2_FINAL_ABSORPTION_SIGNOFF_SUMMARY_20260515.json","historical-evidence","allowed-evidence","V20","v20;V20","10","keep for traceability; future product docs should link through docs/evidence instead of copying this name"
"docs/generated/DSXU_V20_C2_FULL_OWNER_EXECUTION_20260514.csv","historical-evidence","allowed-evidence","V20","V20","1902","keep for traceability; future product docs should link through docs/evidence instead of copying this name"
"docs/generated/DSXU_V20_C2_FULL_OWNER_EXECUTION_SUMMARY_20260514.json","historical-evidence","allowed-evidence","V20","V20","7","keep for traceability; future product docs should link through docs/evidence instead of copying this name"
"docs/generated/DSXU_V20_C2_FUNCTION_LOSS_REVIEW_SUMMARY_20260515.json","historical-evidence","allowed-evidence","V20","v20","1","keep for traceability; future product docs should link through docs/evidence instead of copying this name"
"docs/generated/DSXU_V20_C2_OGR_CROSS_SIGNOFF_20260514.csv","historical-evidence","allowed-evidence","V20","V20","320","keep for traceability; future product docs should link through docs/evidence instead of copying this name"
"docs/generated/DSXU_V20_C2_OGR_CROSS_SIGNOFF_20260515.csv","historical-evidence","allowed-evidence","V20","V20","320","keep for traceability; future product docs should link through docs/evidence instead of copying this name"
"docs/generated/DSXU_V20_C2_OGR_CROSS_SIGNOFF_SUMMARY_20260514.json","historical-evidence","allowed-evidence","V20","V20","14","keep for traceability; future product docs should link through docs/evidence instead of copying this name"
"docs/generated/DSXU_V20_C2_OGR_CROSS_SIGNOFF_SUMMARY_20260515.json","historical-evidence","allowed-evidence","V20","v20;V20","9","keep for traceability; future product docs should link through docs/evidence instead of copying this name"
"docs/generated/DSXU_V20_CLAUDE_SRC_FILE_AUDIT_20260514.csv","historical-evidence","allowed-evidence","V20","v20","1","keep for traceability; future product docs should link through docs/evidence instead of copying this name"
"docs/generated/DSXU_V20_CLEAN_EXPORT_PREFLIGHT_20260515.csv","historical-evidence","allowed-evidence","V20","","0","keep for traceability; future product docs should link through docs/evidence instead of copying this name"
"docs/generated/DSXU_V20_CLEAN_EXPORT_PREFLIGHT_20260515.json","historical-evidence","allowed-evidence","V20","v20","1","keep for traceability; future product docs should link through docs/evidence instead of copying this name"
"docs/generated/DSXU_V20_CLOSURE_BATCH_RUN_20260515.csv","historical-evidence","allowed-evidence","V20","v20;V20","35","keep for traceability; future product docs should link through docs/evidence instead of copying this name"
"docs/generated/DSXU_V20_CLOSURE_BATCH_RUN_20260515.json","historical-evidence","allowed-evidence","V20","v20;V20","21","keep for traceability; future product docs should link through docs/evidence instead of copying this name"
"docs/generated/DSXU_V20_CLOSURE_BOARD_20260515.json","historical-evidence","allowed-evidence","V20","v11;v18;v19;v20;V20;v7;v8","45","keep for traceability; future product docs should link through docs/evidence instead of copying this name"
"docs/generated/DSXU_V20_COMMERCIAL_IP_BRAND_ADJUDICATION_20260515.csv","historical-evidence","allowed-evidence","V20","","0","keep for traceability; future product docs should link through docs/evidence instead of copying this name"
"docs/generated/DSXU_V20_COMMERCIAL_IP_BRAND_ADJUDICATION_SUMMARY_20260515.json","historical-evidence","allowed-evidence","V20","v20","1","keep for traceability; future product docs should link through docs/evidence instead of copying this name"
"docs/generated/DSXU_V20_COMMERCIAL_IP_BRAND_SCAN_20260515.csv","historical-evidence","allowed-evidence","V20","v10;v11;v12;v18;V18;v19;v20;V20;v6;v7;v8","112","keep for traceability; future product docs should link through docs/evidence instead of copying this name"
"docs/generated/DSXU_V20_COMMERCIAL_IP_BRAND_SCAN_SUMMARY_20260515.json","historical-evidence","allowed-evidence","V20","v20","1","keep for traceability; future product docs should link through docs/evidence instead of copying this name"
"docs/generated/DSXU_V20_COMMERCIAL_IP_RELEASE_PREFLIGHT_20260515.csv","historical-evidence","allowed-evidence","V20","","0","keep for traceability; future product docs should link through docs/evidence instead of copying this name"
"docs/generated/DSXU_V20_COMMERCIAL_IP_RELEASE_PREFLIGHT_20260515.json","historical-evidence","allowed-evidence","V20","v20","1","keep for traceability; future product docs should link through docs/evidence instead of copying this name"
"docs/generated/DSXU_V20_DELETE_STATE_OWNER_REVIEW_20260514.csv","historical-evidence","allowed-evidence","V20","v10;v18;V20","146","keep for traceability; future product docs should link through docs/evidence instead of copying this name"
"docs/generated/DSXU_V20_DELETE_STATE_OWNER_REVIEW_SUMMARY_20260514.json","historical-evidence","allowed-evidence","V20","V20","6","keep for traceability; future product docs should link through docs/evidence instead of copying this name"
"docs/generated/DSXU_V20_DELETION_GIT_MUTATION_SIGNOFF_20260515.csv","historical-evidence","allowed-evidence","V20","v10;v18;V20","147","keep for traceability; future product docs should link through docs/evidence instead of copying this name"
"docs/generated/DSXU_V20_DELETION_GIT_MUTATION_SIGNOFF_SUMMARY_20260515.json","historical-evidence","allowed-evidence","V20","v20;V20","13","keep for traceability; future product docs should link through docs/evidence instead of copying this name"
"docs/generated/DSXU_V20_DELETION_MUTATION_REVIEW_20260514.csv","historical-evidence","allowed-evidence","V20","v10;v18;V20","146","keep for traceability; future product docs should link through docs/evidence instead of copying this name"
"docs/generated/DSXU_V20_DELETION_MUTATION_REVIEW_20260515.csv","historical-evidence","allowed-evidence","V20","v10;v18;V20","147","keep for traceability; future product docs should link through docs/evidence instead of copying this name"
"docs/generated/DSXU_V20_DELETION_MUTATION_REVIEW_SUMMARY_20260515.json","historical-evidence","allowed-evidence","V20","v20;V20","13","keep for traceability; future product docs should link through docs/evidence instead of copying this name"
"docs/generated/DSXU_V20_EXTERNAL_VISIBLE_STATE_OWNER_REVIEW_20260515.json","historical-evidence","allowed-evidence","V20","v20;V20","15","keep for traceability; future product docs should link through docs/evidence instead of copying this name"
"docs/generated/DSXU_V20_FINAL_PREFLIGHT_20260515.csv","historical-evidence","allowed-evidence","V20","","0","keep for traceability; future product docs should link through docs/evidence instead of copying this name"
"docs/generated/DSXU_V20_FINAL_PREFLIGHT_20260515.json","historical-evidence","allowed-evidence","V20","v20","1","keep for traceability; future product docs should link through docs/evidence instead of copying this name"
"docs/generated/DSXU_V20_HIGH_RISK_RUNTIME_OWNER_REVIEW_SUMMARY_20260514.json","historical-evidence","allowed-evidence","V20","V20","9","keep for traceability; future product docs should link through docs/evidence instead of copying this name"
"docs/generated/DSXU_V20_LIVE_CACHE_PREFIX_SMOKE_20260515.json","historical-evidence","allowed-evidence","V20","v18;v19;v20","8","keep for traceability; future product docs should link through docs/evidence instead of copying this name"
"docs/generated/DSXU_V20_LIVE_PROVIDER_GATE_20260515.json","historical-evidence","allowed-evidence","V20","v18;v20","3","keep for traceability; future product docs should link through docs/evidence instead of copying this name"
"docs/generated/DSXU_V20_MCP_DOCTOR_REAL_GAP_SMOKE_20260514.json","historical-evidence","allowed-evidence","V20","v20;V20","2","keep for traceability; future product docs should link through docs/evidence instead of copying this name"
"docs/generated/DSXU_V20_OGR01_DOCS_RELEASE_EVIDENCE_SIGNOFF_20260514.csv","historical-evidence","allowed-evidence","V20","V20","12","keep for traceability; future product docs should link through docs/evidence instead of copying this name"
"docs/generated/DSXU_V20_OGR01_DOCS_RELEASE_EVIDENCE_SIGNOFF_20260515.csv","historical-evidence","allowed-evidence","V20","V20","46","keep for traceability; future product docs should link through docs/evidence instead of copying this name"
"docs/generated/DSXU_V20_OGR01_DOCS_RELEASE_EVIDENCE_SIGNOFF_SUMMARY_20260514.json","historical-evidence","allowed-evidence","V20","v20;V20","2","keep for traceability; future product docs should link through docs/evidence instead of copying this name"
"docs/generated/DSXU_V20_OGR01_DOCS_RELEASE_EVIDENCE_SIGNOFF_SUMMARY_20260515.json","historical-evidence","allowed-evidence","V20","v20","1","keep for traceability; future product docs should link through docs/evidence instead of copying this name"
"docs/generated/DSXU_V20_OGR12_REPLACE_DELETE_MUTATION_REVIEW_20260514.csv","historical-evidence","allowed-evidence","V20","","0","keep for traceability; future product docs should link through docs/evidence instead of copying this name"
"docs/generated/DSXU_V20_OGR12_REPLACE_DELETE_MUTATION_REVIEW_SUMMARY_20260514.json","historical-evidence","allowed-evidence","V20","v20","1","keep for traceability; future product docs should link through docs/evidence instead of copying this name"
"docs/generated/DSXU_V20_OGR12_SHARED_UTILITY_IMPORT_USE_REVIEW_20260514.csv","historical-evidence","allowed-evidence","V20","v18;v8","5","keep for traceability; future product docs should link through docs/evidence instead of copying this name"
"docs/generated/DSXU_V20_OGR12_SHARED_UTILITY_IMPORT_USE_REVIEW_SUMMARY_20260514.json","historical-evidence","allowed-evidence","V20","v20;V20","2","keep for traceability; future product docs should link through docs/evidence instead of copying this name"
"docs/generated/DSXU_V20_OGR13_OWNER_REMAP_20260514.csv","historical-evidence","allowed-evidence","V20","V20","91","keep for traceability; future product docs should link through docs/evidence instead of copying this name"
"docs/generated/DSXU_V20_OGR13_OWNER_REMAP_SUMMARY_20260514.json","historical-evidence","allowed-evidence","V20","V20","6","keep for traceability; future product docs should link through docs/evidence instead of copying this name"
"docs/generated/DSXU_V20_OWNER_GIT_AUTHORIZATION_BOARD_20260515.csv","historical-evidence","allowed-evidence","V20","V20","17","keep for traceability; future product docs should link through docs/evidence instead of copying this name"
"docs/generated/DSXU_V20_OWNER_GIT_AUTHORIZATION_BOARD_20260515.json","historical-evidence","allowed-evidence","V20","v20;V20","24","keep for traceability; future product docs should link through docs/evidence instead of copying this name"
"docs/generated/DSXU_V20_OWNER_GIT_MUTATION_COMMAND_PLAN_20260515.csv","historical-evidence","allowed-evidence","V20","v18;v20;V20","10","keep for traceability; future product docs should link through docs/evidence instead of copying this name"
"docs/generated/DSXU_V20_OWNER_GIT_MUTATION_COMMAND_PLAN_20260515.json","historical-evidence","allowed-evidence","V20","v18;v20;V20","118","keep for traceability; future product docs should link through docs/evidence instead of copying this name"
"docs/generated/DSXU_V20_OWNER_GIT_MUTATION_PREFLIGHT_20260515.csv","historical-evidence","allowed-evidence","V20","","0","keep for traceability; future product docs should link through docs/evidence instead of copying this name"
"docs/generated/DSXU_V20_OWNER_GIT_MUTATION_PREFLIGHT_20260515.json","historical-evidence","allowed-evidence","V20","v20;V20;v24;V24","175","keep for traceability; future product docs should link through docs/evidence instead of copying this name"
"docs/generated/DSXU_V20_OWNER_GIT_PRODUCT_STAGE_PLAN_20260515.csv","historical-evidence","allowed-evidence","V20","v10;v11;v18;v19;v20;V20;v6;v7;v8;v9","1746","keep for traceability; future product docs should link through docs/evidence instead of copying this name"
"docs/generated/DSXU_V20_OWNER_GIT_PRODUCT_STAGE_PLAN_20260515.json","historical-evidence","allowed-evidence","V20","v20;V20","12","keep for traceability; future product docs should link through docs/evidence instead of copying this name"
"docs/generated/DSXU_V20_OWNER_GIT_REVIEW_REGISTER_20260514.csv","historical-evidence","allowed-evidence","V20","v10;v11;v18;v19;v20;V20;v6;v7;v8;v9","1824","keep for traceability; future product docs should link through docs/evidence instead of copying this name"
"docs/generated/DSXU_V20_OWNER_GIT_REVIEW_REGISTER_20260515.csv","historical-evidence","allowed-evidence","V20","v10;v11;v18;v19;v20;V20;v6;v7;v8;v9","1893","keep for traceability; future product docs should link through docs/evidence instead of copying this name"
"docs/generated/DSXU_V20_OWNER_GIT_REVIEW_SUMMARY_20260514.json","historical-evidence","allowed-evidence","V20","V20","18","keep for traceability; future product docs should link through docs/evidence instead of copying this name"
"docs/generated/DSXU_V20_OWNER_GIT_REVIEW_SUMMARY_20260515.json","historical-evidence","allowed-evidence","V20","v11;v20;V20","23","keep for traceability; future product docs should link through docs/evidence instead of copying this name"
"docs/generated/DSXU_V20_OWNER_GIT_STAGE_EXECUTION_20260515.csv","historical-evidence","allowed-evidence","V20","v18;v19;v20;V20","87","keep for traceability; future product docs should link through docs/evidence instead of copying this name"
"docs/generated/DSXU_V20_OWNER_GIT_STAGE_EXECUTION_20260515.json","historical-evidence","allowed-evidence","V20","v20;V20","3","keep for traceability; future product docs should link through docs/evidence instead of copying this name"
"docs/generated/DSXU_V20_OWNER_GIT_STAGE_PLAN_20260515.csv","historical-evidence","allowed-evidence","V20","v10;v18;V20","147","keep for traceability; future product docs should link through docs/evidence instead of copying this name"
"docs/generated/DSXU_V20_OWNER_GIT_STAGE_PLAN_20260515.json","historical-evidence","allowed-evidence","V20","v10;v18;v20;V20","26","keep for traceability; future product docs should link through docs/evidence instead of copying this name"
"docs/generated/DSXU_V20_OWNER_PACKET_RUNTIME_REDLINE_ADJUDICATION_20260515.csv","historical-evidence","allowed-evidence","V20","V20","59","keep for traceability; future product docs should link through docs/evidence instead of copying this name"
"docs/generated/DSXU_V20_OWNER_PACKET_RUNTIME_REDLINE_ADJUDICATION_SUMMARY_20260515.json","historical-evidence","allowed-evidence","V20","v20;V20","5","keep for traceability; future product docs should link through docs/evidence instead of copying this name"
"docs/generated/DSXU_V20_OWNER_PACKET_RUNTIME_REDLINE_REVIEW_20260514.csv","historical-evidence","allowed-evidence","V20","v18;v19;v20;V20","919","keep for traceability; future product docs should link through docs/evidence instead of copying this name"
"docs/generated/DSXU_V20_OWNER_PACKET_RUNTIME_REDLINE_REVIEW_20260515.csv","historical-evidence","allowed-evidence","V20","v18;v19;v20;V20","1602","keep for traceability; future product docs should link through docs/evidence instead of copying this name"
"docs/generated/DSXU_V20_OWNER_PACKET_RUNTIME_REDLINE_REVIEW_SUMMARY_20260514.json","historical-evidence","allowed-evidence","V20","v20;V20","7","keep for traceability; future product docs should link through docs/evidence instead of copying this name"
"docs/generated/DSXU_V20_OWNER_PACKET_RUNTIME_REDLINE_REVIEW_SUMMARY_20260515.json","historical-evidence","allowed-evidence","V20","v20;V20","10","keep for traceability; future product docs should link through docs/evidence instead of copying this name"
"docs/generated/DSXU_V20_OWNER_PACKET_SIGNOFF_EXECUTION_20260514.csv","historical-evidence","allowed-evidence","V20","V20","17","keep for traceability; future product docs should link through docs/evidence instead of copying this name"
"docs/generated/DSXU_V20_OWNER_PACKET_SIGNOFF_EXECUTION_20260515.csv","historical-evidence","allowed-evidence","V20","V20","17","keep for traceability; future product docs should link through docs/evidence instead of copying this name"
"docs/generated/DSXU_V20_OWNER_PACKET_SIGNOFF_EXECUTION_SUMMARY_20260514.json","historical-evidence","allowed-evidence","V20","V20","5","keep for traceability; future product docs should link through docs/evidence instead of copying this name"
"docs/generated/DSXU_V20_OWNER_PACKET_SIGNOFF_EXECUTION_SUMMARY_20260515.json","historical-evidence","allowed-evidence","V20","v20;V20;v8","7","keep for traceability; future product docs should link through docs/evidence instead of copying this name"
"docs/generated/DSXU_V20_OWNER_PACKET_SIGNOFF_EXECUTION_UPDATE_20260514.csv","historical-evidence","allowed-evidence","V20","","0","keep for traceability; future product docs should link through docs/evidence instead of copying this name"
"docs/generated/DSXU_V20_OWNER_PACKET_SIGNOFF_EXECUTION_UPDATE_SUMMARY_20260514.json","historical-evidence","allowed-evidence","V20","v20;V20","6","keep for traceability; future product docs should link through docs/evidence instead of copying this name"
"docs/generated/DSXU_V20_OWNER_PACKET_SIGNOFF_MATRIX_20260514.csv","historical-evidence","allowed-evidence","V20","V20","17","keep for traceability; future product docs should link through docs/evidence instead of copying this name"
"docs/generated/DSXU_V20_OWNER_PACKET_SIGNOFF_MATRIX_20260515.csv","historical-evidence","allowed-evidence","V20","V20","17","keep for traceability; future product docs should link through docs/evidence instead of copying this name"
"docs/generated/DSXU_V20_OWNER_PACKET_SIGNOFF_MATRIX_SUMMARY_20260514.json","historical-evidence","allowed-evidence","V20","","0","keep for traceability; future product docs should link through docs/evidence instead of copying this name"
"docs/generated/DSXU_V20_OWNER_PACKET_SIGNOFF_MATRIX_SUMMARY_20260515.json","historical-evidence","allowed-evidence","V20","v20;V20;v8","18","keep for traceability; future product docs should link through docs/evidence instead of copying this name"
"docs/generated/DSXU_V20_P12_TARGET_COLLECTION_PACK_20260515.json","historical-evidence","allowed-evidence","V20","v20","1","keep for traceability; future product docs should link through docs/evidence instead of copying this name"
"docs/generated/DSXU_V20_P12_TARGET_COLLECTION_WORK_ORDERS_20260515.csv","historical-evidence","allowed-evidence","V20","","0","keep for traceability; future product docs should link through docs/evidence instead of copying this name"
"docs/generated/DSXU_V20_P12_TARGET_MANIFEST_CONTRACT_BOARD_20260515.csv","historical-evidence","allowed-evidence","V20","","0","keep for traceability; future product docs should link through docs/evidence instead of copying this name"
"docs/generated/DSXU_V20_P12_TARGET_MANIFEST_CONTRACT_BOARD_20260515.json","historical-evidence","allowed-evidence","V20","v20","1","keep for traceability; future product docs should link through docs/evidence instead of copying this name"
"docs/generated/DSXU_V20_P12_TARGET_MANIFEST_DISCOVERY_20260515.csv","historical-evidence","allowed-evidence","V20","","0","keep for traceability; future product docs should link through docs/evidence instead of copying this name"
"docs/generated/DSXU_V20_P12_TARGET_MANIFEST_DISCOVERY_20260515.json","historical-evidence","allowed-evidence","V20","v20","1","keep for traceability; future product docs should link through docs/evidence instead of copying this name"
"docs/generated/DSXU_V20_P12_TARGET_MANIFEST_INTAKE_20260515.csv","historical-evidence","allowed-evidence","V20","","0","keep for traceability; future product docs should link through docs/evidence instead of copying this name"
"docs/generated/DSXU_V20_P12_TARGET_MANIFEST_INTAKE_20260515.json","historical-evidence","allowed-evidence","V20","v20","1","keep for traceability; future product docs should link through docs/evidence instead of copying this name"
"docs/generated/DSXU_V20_POST_AUTHORIZATION_VERIFICATION_PLAN_20260515.csv","historical-evidence","allowed-evidence","V20","v20;V20","2","keep for traceability; future product docs should link through docs/evidence instead of copying this name"
"docs/generated/DSXU_V20_POST_AUTHORIZATION_VERIFICATION_PLAN_20260515.json","historical-evidence","allowed-evidence","V20","v20;V20","3","keep for traceability; future product docs should link through docs/evidence instead of copying this name"
"docs/generated/DSXU_V20_PROJECT_INTAKE_OWNER_REVIEW_20260514.json","historical-evidence","allowed-evidence","V20","v20;V20","3","keep for traceability; future product docs should link through docs/evidence instead of copying this name"
"docs/generated/DSXU_V20_REAL_GAP_ACCEPTANCE_PACKETS_20260515.csv","historical-evidence","allowed-evidence","V20","V20","5","keep for traceability; future product docs should link through docs/evidence instead of copying this name"
"docs/generated/DSXU_V20_REAL_GAP_ACCEPTANCE_PROGRESS_20260515.json","historical-evidence","allowed-evidence","V20","v19;v20;V20;v8","55","keep for traceability; future product docs should link through docs/evidence instead of copying this name"
"docs/generated/DSXU_V20_REAL_GAP_ACCEPTANCE_SUMMARY_20260515.json","historical-evidence","allowed-evidence","V20","v20;V20","6","keep for traceability; future product docs should link through docs/evidence instead of copying this name"
"docs/generated/DSXU_V20_REAL_GAP_PRODUCTIZATION_REVIEW_20260514.csv","historical-evidence","allowed-evidence","V20","v19;v20;V20","12","keep for traceability; future product docs should link through docs/evidence instead of copying this name"
"docs/generated/DSXU_V20_REAL_GAP_PRODUCTIZATION_REVIEW_SUMMARY_20260514.json","historical-evidence","allowed-evidence","V20","v20;V20","5","keep for traceability; future product docs should link through docs/evidence instead of copying this name"
"docs/generated/DSXU_V20_RELEASE_SURFACE_OWNER_EXECUTION_20260514.csv","historical-evidence","allowed-evidence","V20","V20","1","keep for traceability; future product docs should link through docs/evidence instead of copying this name"
"docs/generated/DSXU_V20_RELEASE_SURFACE_OWNER_EXECUTION_SUMMARY_20260514.json","historical-evidence","allowed-evidence","V20","V19;v20;V20","4","keep for traceability; future product docs should link through docs/evidence instead of copying this name"
"docs/generated/DSXU_V20_SIX_STAGE_TEST_PLAN_20260515.csv","historical-evidence","allowed-evidence","V20","v18;V18;v20;V20","4","keep for traceability; future product docs should link through docs/evidence instead of copying this name"
"docs/generated/DSXU_V20_SIX_STAGE_TEST_PLAN_20260515.json","historical-evidence","allowed-evidence","V20","v18;V18;v20;V20","6","keep for traceability; future product docs should link through docs/evidence instead of copying this name"
"docs/generated/DSXU_V20_SOURCE_CLEANUP_REGISTER_20260514.csv","historical-evidence","allowed-evidence","V20","v18;v19","8","keep for traceability; future product docs should link through docs/evidence instead of copying this name"
"docs/generated/DSXU_V24_BASELINE_AUDIT_20260515.csv","historical-evidence","allowed-evidence","V24","v20;V24","3","keep for traceability; future product docs should link through docs/evidence instead of copying this name"
"docs/generated/DSXU_V24_BASELINE_AUDIT_20260515.json","historical-evidence","allowed-evidence","V24","v20;v24;V24","6","keep for traceability; future product docs should link through docs/evidence instead of copying this name"
"docs/generated/DSXU_V24_C2_1902_FULL_EVIDENCE_JOIN_20260515.csv","historical-evidence","allowed-evidence","V24","","0","keep for traceability; future product docs should link through docs/evidence instead of copying this name"
"docs/generated/DSXU_V24_C2_1902_FULL_EVIDENCE_JOIN_20260515.json","historical-evidence","allowed-evidence","V24","V20;v24;V24","17","keep for traceability; future product docs should link through docs/evidence instead of copying this name"
"docs/generated/DSXU_V24_C2_FEATURE_ACCEPTANCE_MATRIX_20260515.csv","historical-evidence","allowed-evidence","V24","","0","keep for traceability; future product docs should link through docs/evidence instead of copying this name"
"docs/generated/DSXU_V24_C2_FEATURE_ACCEPTANCE_MATRIX_20260515.json","historical-evidence","allowed-evidence","V24","v24","1","keep for traceability; future product docs should link through docs/evidence instead of copying this name"
"docs/generated/DSXU_V24_C2_LOOP_REAL_ACCEPTANCE_20260515.json","historical-evidence","allowed-evidence","V24","v24;V24","456","keep for traceability; future product docs should link through docs/evidence instead of copying this name"
"docs/generated/DSXU_V24_C2_LOOP_REAL_ACCEPTANCE_REVIEW_INPUT_20260515.json","historical-evidence","allowed-evidence","V24","v24;V24","32","keep for traceability; future product docs should link through docs/evidence instead of copying this name"
"docs/generated/DSXU_V24_C2_SECONDARY_LOOP_REBASELINE_20260515.csv","historical-evidence","allowed-evidence","V24","","0","keep for traceability; future product docs should link through docs/evidence instead of copying this name"
"docs/generated/DSXU_V24_CLAUDE_EXPERIENCE_DENSITY_REBASELINE_20260515.csv","historical-evidence","allowed-evidence","V24","","0","keep for traceability; future product docs should link through docs/evidence instead of copying this name"
"docs/generated/DSXU_V24_CLAUDE_EXPERIENCE_DENSITY_REBASELINE_20260515.json","historical-evidence","allowed-evidence","V24","v24;V24","2","keep for traceability; future product docs should link through docs/evidence instead of copying this name"
"docs/generated/DSXU_V24_CLEAN_EXPORT_ARTIFACT_20260515.json","historical-evidence","allowed-evidence","V24","V18;V20;v24;V24","33","keep for traceability; future product docs should link through docs/evidence instead of copying this name"
"docs/generated/DSXU_V24_COMPLETED_REACCEPTANCE_20260515.json","historical-evidence","allowed-evidence","V24","v24;V24","17","keep for traceability; future product docs should link through docs/evidence instead of copying this name"
"docs/generated/DSXU_V24_COMPLEX_TASK_ACCEPTANCE_20260515.json","historical-evidence","allowed-evidence","V24","V20;v24;V24","22","keep for traceability; future product docs should link through docs/evidence instead of copying this name"
"docs/generated/DSXU_V24_COMPLEX_TASK_ACCEPTANCE_REVIEW_INPUT_20260515.json","historical-evidence","allowed-evidence","V24","V20;v24;V24","14","keep for traceability; future product docs should link through docs/evidence instead of copying this name"
"docs/generated/DSXU_V24_DEEPSEEK_RUNTIME_CONTRACT_20260515.csv","historical-evidence","allowed-evidence","V24","","0","keep for traceability; future product docs should link through docs/evidence instead of copying this name"
"docs/generated/DSXU_V24_DEEPSEEK_RUNTIME_CONTRACT_20260515.json","historical-evidence","allowed-evidence","V24","v24","1","keep for traceability; future product docs should link through docs/evidence instead of copying this name"
"docs/generated/DSXU_V24_EXECUTION_BATCH_20260515.json","historical-evidence","allowed-evidence","V24","v24;V24","24","keep for traceability; future product docs should link through docs/evidence instead of copying this name"
"docs/generated/DSXU_V24_FRESH_INSTALL_RELEASE_SMOKE_20260515.json","historical-evidence","allowed-evidence","V24","V20;v24","26","keep for traceability; future product docs should link through docs/evidence instead of copying this name"
"docs/generated/DSXU_V24_GITHUB_OPEN_SOURCE_LAUNCH_PACK_20260515.json","historical-evidence","allowed-evidence","V24","V24","6","keep for traceability; future product docs should link through docs/evidence instead of copying this name"
"docs/generated/DSXU_V24_INTERACTIVE_TUI_ACCEPTANCE_20260515.json","historical-evidence","allowed-evidence","V24","v24;V24","33","keep for traceability; future product docs should link through docs/evidence instead of copying this name"
"docs/generated/DSXU_V24_INTERACTIVE_TUI_ACCEPTANCE_REVIEW_INPUT_20260515.json","historical-evidence","allowed-evidence","V24","v24","24","keep for traceability; future product docs should link through docs/evidence instead of copying this name"
"docs/generated/DSXU_V24_LIVE_ACCEPTANCE_ROUTER_20260515.json","historical-evidence","allowed-evidence","V24","v24;V24","4","keep for traceability; future product docs should link through docs/evidence instead of copying this name"
"docs/generated/DSXU_V24_PRODUCT_BENCHMARK_DATA_PACK_20260515.json","historical-evidence","allowed-evidence","V24","v11;V20;v24;V24;v6;v7","32","keep for traceability; future product docs should link through docs/evidence instead of copying this name"
"docs/generated/DSXU_V24_PUBLIC_CHALLENGE_PACKAGE_20260515.json","historical-evidence","allowed-evidence","V24","v18;V18;V20;v24;V24","64","keep for traceability; future product docs should link through docs/evidence instead of copying this name"
"docs/generated/DSXU_V24_REDLINE_OWNER_PACKET_TRIAGE_20260515.csv","historical-evidence","allowed-evidence","V24","","0","keep for traceability; future product docs should link through docs/evidence instead of copying this name"
"docs/generated/DSXU_V24_REDLINE_OWNER_PACKET_TRIAGE_20260515.json","historical-evidence","allowed-evidence","V24","v24","1","keep for traceability; future product docs should link through docs/evidence instead of copying this name"
"docs/generated/DSXU_V24_REFERENCE_EXPERIENCE_DENSITY_REBASELINE_20260515.csv","historical-evidence","allowed-evidence","V24","","0","keep for traceability; future product docs should link through docs/evidence instead of copying this name"
"docs/generated/DSXU_V24_REFERENCE_EXPERIENCE_DENSITY_REBASELINE_20260515.json","historical-evidence","allowed-evidence","V24","v24;V24","2","keep for traceability; future product docs should link through docs/evidence instead of copying this name"
"docs/generated/DSXU_V24_RUNTIME_STUB_REDLINE_20260515.csv","historical-evidence","allowed-evidence","V24","","0","keep for traceability; future product docs should link through docs/evidence instead of copying this name"
"docs/generated/DSXU_V24_RUNTIME_STUB_REDLINE_20260515.json","historical-evidence","allowed-evidence","V24","","0","keep for traceability; future product docs should link through docs/evidence instead of copying this name"
"docs/generated/DSXU_V24_SECTION_4_5_EXPERIENCE_LOOP_AUDIT_20260515.json","historical-evidence","allowed-evidence","V24","v18;v19;v20;V20;v24;V24","40","keep for traceability; future product docs should link through docs/evidence instead of copying this name"
"docs/generated/DSXU_V24_SECTION_4_5_EXPERIENCE_LOOP_AUDIT_REVIEW_INPUT_20260515.json","historical-evidence","allowed-evidence","V24","v18;v19;v20;V20;v24;V24","34","keep for traceability; future product docs should link through docs/evidence instead of copying this name"
"docs/generated/DSXU_V24_SENIOR_CODING_WINDOW_20260515.json","historical-evidence","allowed-evidence","V24","v18;V19;v20;V20;v24;V24","162","keep for traceability; future product docs should link through docs/evidence instead of copying this name"
"docs/generated/DSXU_V24_SIX_STAGE_FINAL_TESTS_20260515.json","historical-evidence","allowed-evidence","V24","v18;V18;v20;V20;v24;V24","61","keep for traceability; future product docs should link through docs/evidence instead of copying this name"
"docs/generated/DSXU_V24_WORK_STATE_TIMELINE_ACCEPTANCE_20260515.csv","historical-evidence","allowed-evidence","V24","","0","keep for traceability; future product docs should link through docs/evidence instead of copying this name"
"docs/generated/DSXU_V24_WORK_STATE_TIMELINE_ACCEPTANCE_20260515.json","historical-evidence","allowed-evidence","V24","v24","1","keep for traceability; future product docs should link through docs/evidence instead of copying this name"
"docs/generated/DSXU_V26_C2_CAPABILITY_LOSS_BOARD_20260515.csv","historical-evidence","allowed-evidence","V26","","0","keep for traceability; future product docs should link through docs/evidence instead of copying this name"
"docs/generated/DSXU_V26_C2_CAPABILITY_LOSS_BOARD_20260515.json","historical-evidence","allowed-evidence","V26","V20;v24;V24;v26;V26","202","keep for traceability; future product docs should link through docs/evidence instead of copying this name"
"docs/generated/DSXU_V26_NAMING_GOVERNANCE_BOARD_20260515.csv","historical-evidence","allowed-evidence","V26","v10;V10;v11;V11;v12;V12;V13;v14;V14;V15;V16;v18;V18;v19;V19;v20;V20;v24;V24;v26;V26;v6;V6;v7;V7;v8;V8;v9;V9","407","keep for traceability; future product docs should link through docs/evidence instead of copying this name"
"docs/generated/DSXU_V26_NAMING_GOVERNANCE_BOARD_20260515.json","historical-evidence","allowed-evidence","V26","v10;v11;V11;v12;v14;v18;V18;V19;v20;V20;v24;v26;v8;v9","109","keep for traceability; future product docs should link through docs/evidence instead of copying this name"
"package-lock.json","other","ok","","V7","1","review before public release if exposed to users"
"package.json","package-entry","stable-alias-audited","","v20;v24;v26","45","do not remove historical scripts yet; script audit must keep stable aliases for product/release workflows"
"scripts/benchmark/dsxu-mainline-benchmark.ts","automation-script","watch-script-copy","","v10;v11;v8","6","keep historical script for reproducibility; public docs must use stable capability aliases"
"scripts/dsxu-acl-residue-closure-plan.ts","automation-script","watch-script-copy","","v20;V20","4","keep historical script for reproducibility; public docs must use stable capability aliases"
"scripts/dsxu-acl-residue-preflight.ts","automation-script","watch-script-copy","","v20;V20","5","keep historical script for reproducibility; public docs must use stable capability aliases"
"scripts/dsxu-clean-export-preflight.ts","automation-script","watch-script-copy","","v20;V20","5","keep historical script for reproducibility; public docs must use stable capability aliases"
"scripts/dsxu-commercial-ip-release-preflight.ts","automation-script","watch-script-copy","","v20;V20","5","keep historical script for reproducibility; public docs must use stable capability aliases"
"scripts/dsxu-live-cache-prefix-smoke.ts","automation-script","watch-script-copy","","v18;v19;v20;V20","4","keep historical script for reproducibility; public docs must use stable capability aliases"
"scripts/dsxu-live-provider-gate.ts","automation-script","watch-script-copy","","v18;v20;V20","4","keep historical script for reproducibility; public docs must use stable capability aliases"
"scripts/dsxu-owner-git-mutation-command-plan.ts","automation-script","watch-script-copy","","v20;V20","7","keep historical script for reproducibility; public docs must use stable capability aliases"
"scripts/dsxu-owner-git-mutation-preflight.ts","automation-script","watch-script-copy","","v20;V20","11","keep historical script for reproducibility; public docs must use stable capability aliases"
"scripts/dsxu-owner-git-product-stage-plan.ts","automation-script","watch-script-copy","","v20;V20","7","keep historical script for reproducibility; public docs must use stable capability aliases"
"scripts/dsxu-owner-git-stage-plan.ts","automation-script","watch-script-copy","","v20;V20","7","keep historical script for reproducibility; public docs must use stable capability aliases"
"scripts/dsxu-p12-target-manifest-contract-board.ts","automation-script","watch-script-copy","","v20;V20","6","keep historical script for reproducibility; public docs must use stable capability aliases"
"scripts/dsxu-p12-target-manifest-discovery.ts","automation-script","watch-script-copy","","v20;V20","3","keep historical script for reproducibility; public docs must use stable capability aliases"
"scripts/dsxu-p12-target-manifest-intake.ts","automation-script","watch-script-copy","","v20;V20","6","keep historical script for reproducibility; public docs must use stable capability aliases"
"scripts/dsxu-p12-target-reference-collection-pack.ts","automation-script","watch-script-copy","","v20;V20","3","keep historical script for reproducibility; public docs must use stable capability aliases"
"scripts/dsxu-toolchain-inventory.ts","automation-script","watch-script-copy","","v18","1","keep historical script for reproducibility; public docs must use stable capability aliases"
"scripts/dsxu-toolchain-repair.ts","automation-script","watch-script-copy","","v18","1","keep historical script for reproducibility; public docs must use stable capability aliases"
"scripts/dsxu-v20-blocker-action-board.ts","automation-script","historical-script-shim","v20","v20;V20","11","keep historical script for reproducibility; public docs must use stable capability aliases"
"scripts/dsxu-v20-closure-batch-runner.ts","automation-script","historical-script-shim","v20","v20;V20","16","keep historical script for reproducibility; public docs must use stable capability aliases"
"scripts/dsxu-v20-final-preflight.ts","automation-script","historical-script-shim","v20","v20;V20","12","keep historical script for reproducibility; public docs must use stable capability aliases"
"scripts/dsxu-v20-owner-git-authorization-board.ts","automation-script","historical-script-shim","v20","v20;V20","10","keep historical script for reproducibility; public docs must use stable capability aliases"
"scripts/dsxu-v20-post-authorization-verification-plan.ts","automation-script","historical-script-shim","v20","v20;V20","9","keep historical script for reproducibility; public docs must use stable capability aliases"
"scripts/dsxu-v20-six-stage-test-plan.ts","automation-script","historical-script-shim","v20","V18;v20;V20","8","keep historical script for reproducibility; public docs must use stable capability aliases"
"scripts/dsxu-v24-c2-1902-full-evidence-join.ts","automation-script","historical-script-shim","v24","V20;v24;V24;v8","48","keep historical script for reproducibility; public docs must use stable capability aliases"
"scripts/dsxu-v24-c2-loop-real-acceptance.ts","automation-script","historical-script-shim","v24","v24;V24;v8","16","keep historical script for reproducibility; public docs must use stable capability aliases"
"scripts/dsxu-v24-clean-export-artifact.ts","automation-script","historical-script-shim","v24","V20;v24;V24","11","keep historical script for reproducibility; public docs must use stable capability aliases"
"scripts/dsxu-v24-completed-reacceptance.ts","automation-script","historical-script-shim","v24","v24;V24","14","keep historical script for reproducibility; public docs must use stable capability aliases"
"scripts/dsxu-v24-complex-task-acceptance.ts","automation-script","historical-script-shim","v24","V20;v24;V24","21","keep historical script for reproducibility; public docs must use stable capability aliases"
"scripts/dsxu-v24-execution-batch.ts","automation-script","historical-script-shim","v24","v20;V20;v24;V24","53","keep historical script for reproducibility; public docs must use stable capability aliases"
"scripts/dsxu-v24-fresh-install-release-smoke.ts","automation-script","historical-script-shim","v24","v24;V24","6","keep historical script for reproducibility; public docs must use stable capability aliases"
"scripts/dsxu-v24-github-open-source-launch-pack.ts","automation-script","historical-script-shim","v24","V24","18","keep historical script for reproducibility; public docs must use stable capability aliases"
"scripts/dsxu-v24-interactive-tui-acceptance.ts","automation-script","historical-script-shim","v24","v24;V24","14","keep historical script for reproducibility; public docs must use stable capability aliases"
"scripts/dsxu-v24-live-acceptance-router.ts","automation-script","historical-script-shim","v24","v24;V24","13","keep historical script for reproducibility; public docs must use stable capability aliases"
"scripts/dsxu-v24-product-benchmark-data-pack.ts","automation-script","historical-script-shim","v24","V20;v24;V24","17","keep historical script for reproducibility; public docs must use stable capability aliases"
"scripts/dsxu-v24-public-challenge-package.ts","automation-script","historical-script-shim","v24","V20;v24;V24","18","keep historical script for reproducibility; public docs must use stable capability aliases"
"scripts/dsxu-v24-section45-experience-loop-audit.ts","automation-script","historical-script-shim","v24","V20;v24;V24","33","keep historical script for reproducibility; public docs must use stable capability aliases"
"scripts/dsxu-v24-senior-coding-window.ts","automation-script","historical-script-shim","v24","v24;V24","9","keep historical script for reproducibility; public docs must use stable capability aliases"
"scripts/dsxu-v24-six-stage-final-tests.ts","automation-script","historical-script-shim","v24","v18;V18;v20;V20;v24;V24","15","keep historical script for reproducibility; public docs must use stable capability aliases"
"scripts/dsxu-v26-c2-capability-loss-board.ts","automation-script","historical-script-shim","v26","V24;v26;V26","18","keep historical script for reproducibility; public docs must use stable capability aliases"
"scripts/dsxu-v26-naming-governance-board.ts","automation-script","historical-script-shim","v26","v10;v18;V18;V20;v24;v26;V26","11","keep historical script for reproducibility; public docs must use stable capability aliases"
"src/dsxu/engine/__tests__/A-2A-kairos-integration-harness.test.ts","test-evidence-source","historical-test-copy","","V10","1","test evidence may reference historical gates for reproducibility; new tests should use capability names"
"src/dsxu/engine/__tests__/H-4R-integration-harness.test.ts","test-evidence-source","historical-test-copy","","V10","1","test evidence may reference historical gates for reproducibility; new tests should use capability names"
"src/dsxu/engine/__tests__/agent-live-report-replay.test.ts","test-evidence-source","historical-test-copy","","v18;V18;v8","8","test evidence may reference historical gates for reproducibility; new tests should use capability names"
"src/dsxu/engine/__tests__/agent-long-run.test.ts","test-evidence-source","historical-test-copy","","v8;V8","15","test evidence may reference historical gates for reproducibility; new tests should use capability names"
"src/dsxu/engine/__tests__/agent-runtime-mainline-v1.test.ts","test-evidence-source","historical-test-copy","","v19","1","test evidence may reference historical gates for reproducibility; new tests should use capability names"
"src/dsxu/engine/__tests__/allowed-tools-permission-floor-v1.test.ts","test-evidence-source","historical-test-copy","","V18","1","test evidence may reference historical gates for reproducibility; new tests should use capability names"
"src/dsxu/engine/__tests__/baseline-failure-reporter.test.ts","test-evidence-source","historical-test-copy","","v18;V18","3","test evidence may reference historical gates for reproducibility; new tests should use capability names"
"src/dsxu/engine/__tests__/benchmark-readiness.test.ts","test-evidence-source","historical-test-copy","","V18","1","test evidence may reference historical gates for reproducibility; new tests should use capability names"
"src/dsxu/engine/__tests__/benchmark-runner-route-v1.test.ts","test-evidence-source","historical-test-copy","","v8;V8","2","test evidence may reference historical gates for reproducibility; new tests should use capability names"
"src/dsxu/engine/__tests__/code-terminal-runner.test.ts","test-evidence-source","historical-test-copy","","v18;V18","3","test evidence may reference historical gates for reproducibility; new tests should use capability names"
"src/dsxu/engine/__tests__/cold-mode-cost-planning-v1.test.ts","test-evidence-source","historical-test-copy","","v18","1","test evidence may reference historical gates for reproducibility; new tests should use capability names"
"src/dsxu/engine/__tests__/context-analysis-v1-clean.test.ts","test-evidence-source","historical-test-copy","","V10","1","test evidence may reference historical gates for reproducibility; new tests should use capability names"
"src/dsxu/engine/__tests__/controlled-failure-taxonomy.test.ts","test-evidence-source","historical-test-copy","","V18","1","test evidence may reference historical gates for reproducibility; new tests should use capability names"
"src/dsxu/engine/__tests__/coordinator-state-model-v1.test.ts","test-evidence-source","historical-test-copy","","V10","6","test evidence may reference historical gates for reproducibility; new tests should use capability names"
"src/dsxu/engine/__tests__/cost-cache-live-task-evidence.test.ts","test-evidence-source","historical-test-copy","","v19;V19","5","test evidence may reference historical gates for reproducibility; new tests should use capability names"
"src/dsxu/engine/__tests__/deepseek-v4-control-v1.test.ts","test-evidence-source","historical-test-copy","","V18;V8","2","test evidence may reference historical gates for reproducibility; new tests should use capability names"
"src/dsxu/engine/__tests__/direct-connect-and-query-contract-v1.test.ts","test-evidence-source","historical-test-copy","","V18;V19","4","test evidence may reference historical gates for reproducibility; new tests should use capability names"
"src/dsxu/engine/__tests__/dirty-quarantine-ledger.test.ts","test-evidence-source","historical-test-copy","","v18;V18;V20","5","test evidence may reference historical gates for reproducibility; new tests should use capability names"
"src/dsxu/engine/__tests__/docker-wsl-integration-health-v1.test.ts","test-evidence-source","historical-test-copy","","v18","2","test evidence may reference historical gates for reproducibility; new tests should use capability names"
"src/dsxu/engine/__tests__/edit-convergence-gate-v1.test.ts","test-evidence-source","historical-test-copy","","V18","1","test evidence may reference historical gates for reproducibility; new tests should use capability names"
"src/dsxu/engine/__tests__/engine.test.ts","test-evidence-source","historical-test-copy","","v20;V20","4","test evidence may reference historical gates for reproducibility; new tests should use capability names"
"src/dsxu/engine/__tests__/eval-baseline-manifest.test.ts","test-evidence-source","historical-test-copy","","v18;V18;v8","6","test evidence may reference historical gates for reproducibility; new tests should use capability names"
"src/dsxu/engine/__tests__/evidence-eval-pack.test.ts","test-evidence-source","historical-test-copy","","v18;V18","8","test evidence may reference historical gates for reproducibility; new tests should use capability names"
"src/dsxu/engine/__tests__/experience-live-report-ingest.test.ts","test-evidence-source","historical-test-copy","","v18;V18;v8;V8","12","test evidence may reference historical gates for reproducibility; new tests should use capability names"
"src/dsxu/engine/__tests__/experience-store-planning-context-v1.test.ts","test-evidence-source","historical-test-copy","","v18","2","test evidence may reference historical gates for reproducibility; new tests should use capability names"
"src/dsxu/engine/__tests__/extension-runtime-owner.test.ts","test-evidence-source","historical-test-copy","","V20","1","test evidence may reference historical gates for reproducibility; new tests should use capability names"
"src/dsxu/engine/__tests__/external-integration-owner.test.ts","test-evidence-source","historical-test-copy","","V20","1","test evidence may reference historical gates for reproducibility; new tests should use capability names"
"src/dsxu/engine/__tests__/file-edit-surgical-loop.test.ts","test-evidence-source","historical-test-copy","","v19;V19","10","test evidence may reference historical gates for reproducibility; new tests should use capability names"
"src/dsxu/engine/__tests__/final-report-usage-evidence-v1.test.ts","test-evidence-source","historical-test-copy","","v18","3","test evidence may reference historical gates for reproducibility; new tests should use capability names"
"src/dsxu/engine/__tests__/go-stop-decision.test.ts","test-evidence-source","historical-test-copy","","V18","1","test evidence may reference historical gates for reproducibility; new tests should use capability names"
"src/dsxu/engine/__tests__/goal-roadmap-contract.test.ts","test-evidence-source","historical-test-copy","","v11;V11","12","test evidence may reference historical gates for reproducibility; new tests should use capability names"
"src/dsxu/engine/__tests__/high-pressure-reference-absorption-contract-v1.test.ts","test-evidence-source","historical-test-copy","","V11","1","test evidence may reference historical gates for reproducibility; new tests should use capability names"
"src/dsxu/engine/__tests__/live-provider-gate-v1.test.ts","test-evidence-source","historical-test-copy","","v18","1","test evidence may reference historical gates for reproducibility; new tests should use capability names"
"src/dsxu/engine/__tests__/live-real-task-compare.test.ts","test-evidence-source","historical-test-copy","","v18;V18","2","test evidence may reference historical gates for reproducibility; new tests should use capability names"
"src/dsxu/engine/__tests__/mainline-completion-contract.test.ts","test-evidence-source","historical-test-copy","","v6","2","test evidence may reference historical gates for reproducibility; new tests should use capability names"
"src/dsxu/engine/__tests__/mainline-tool-adapter-v1.test.ts","test-evidence-source","historical-test-copy","","v12","4","test evidence may reference historical gates for reproducibility; new tests should use capability names"
"src/dsxu/engine/__tests__/mcp-client.test.ts","test-evidence-source","historical-test-copy","","V20","1","test evidence may reference historical gates for reproducibility; new tests should use capability names"
"src/dsxu/engine/__tests__/memory-resume.test.ts","test-evidence-source","historical-test-copy","","v8;V8","7","test evidence may reference historical gates for reproducibility; new tests should use capability names"
"src/dsxu/engine/__tests__/model-driven-tui-long-task-v1.test.ts","test-evidence-source","historical-test-copy","","v18","1","test evidence may reference historical gates for reproducibility; new tests should use capability names"
"src/dsxu/engine/__tests__/open-source-package-gate.test.ts","test-evidence-source","historical-test-copy","","V18;V19;v8","6","test evidence may reference historical gates for reproducibility; new tests should use capability names"
"src/dsxu/engine/__tests__/permission-usability.test.ts","test-evidence-source","historical-test-copy","","V19;V9","4","test evidence may reference historical gates for reproducibility; new tests should use capability names"
"src/dsxu/engine/__tests__/phase12-senior-programmer-experience-v1.test.ts","test-evidence-source","historical-test-copy","","v19","1","test evidence may reference historical gates for reproducibility; new tests should use capability names"
"src/dsxu/engine/__tests__/product-build-contract.test.ts","test-evidence-source","historical-test-copy","","V8","5","test evidence may reference historical gates for reproducibility; new tests should use capability names"
"src/dsxu/engine/__tests__/product-reality-hardening-contract-v1.test.ts","test-evidence-source","historical-test-copy","","V11","1","test evidence may reference historical gates for reproducibility; new tests should use capability names"
"src/dsxu/engine/__tests__/productization-contract.test.ts","test-evidence-source","historical-test-copy","","v7;V7","5","test evidence may reference historical gates for reproducibility; new tests should use capability names"
"src/dsxu/engine/__tests__/prompt-governance-contract.test.ts","test-evidence-source","historical-test-copy","","v12;v14;V14;V16","13","test evidence may reference historical gates for reproducibility; new tests should use capability names"
"src/dsxu/engine/__tests__/prompt-prefix-cache-builder.test.ts","test-evidence-source","historical-test-copy","","v18;V18","2","test evidence may reference historical gates for reproducibility; new tests should use capability names"
"src/dsxu/engine/__tests__/prompt-prefix-cache-evidence.test.ts","test-evidence-source","historical-test-copy","","v18;V18","2","test evidence may reference historical gates for reproducibility; new tests should use capability names"
"src/dsxu/engine/__tests__/prompt-processing-v1-clean.test.ts","test-evidence-source","historical-test-copy","","V10","1","test evidence may reference historical gates for reproducibility; new tests should use capability names"
"src/dsxu/engine/__tests__/provider-contract-v1.test.ts","test-evidence-source","historical-test-copy","","V14;V18;v8","4","test evidence may reference historical gates for reproducibility; new tests should use capability names"
"src/dsxu/engine/__tests__/query-loop-gate-state-v1.test.ts","test-evidence-source","historical-test-copy","","V19","1","test evidence may reference historical gates for reproducibility; new tests should use capability names"
"src/dsxu/engine/__tests__/query-message-shape-guard-v1.test.ts","test-evidence-source","historical-test-copy","","v12","2","test evidence may reference historical gates for reproducibility; new tests should use capability names"
"src/dsxu/engine/__tests__/query-tools-and-content-v1-clean.test.ts","test-evidence-source","historical-test-copy","","V10","1","test evidence may reference historical gates for reproducibility; new tests should use capability names"
"src/dsxu/engine/__tests__/real-gap-acceptance.test.ts","test-evidence-source","historical-test-copy","","V20","4","test evidence may reference historical gates for reproducibility; new tests should use capability names"
"src/dsxu/engine/__tests__/real-mcp-server.test.ts","test-evidence-source","historical-test-copy","","v8;V8","35","test evidence may reference historical gates for reproducibility; new tests should use capability names"
"src/dsxu/engine/__tests__/real-task-route-plan.test.ts","test-evidence-source","historical-test-copy","","v18;V18;v8","14","test evidence may reference historical gates for reproducibility; new tests should use capability names"
"src/dsxu/engine/__tests__/reference-absorption-completion-contract.test.ts","test-evidence-source","historical-test-copy","","v9;V9","15","test evidence may reference historical gates for reproducibility; new tests should use capability names"
"src/dsxu/engine/__tests__/reference-behavior-productization-contract.test.ts","test-evidence-source","historical-test-copy","","v10;V10","21","test evidence may reference historical gates for reproducibility; new tests should use capability names"
"src/dsxu/engine/__tests__/release-surface-source-policy-review-v1.test.ts","test-evidence-source","historical-test-copy","","V18","1","test evidence may reference historical gates for reproducibility; new tests should use capability names"
"src/dsxu/engine/__tests__/release-surface-v1.test.ts","test-evidence-source","historical-test-copy","","V18;V24","2","test evidence may reference historical gates for reproducibility; new tests should use capability names"
"src/dsxu/engine/__tests__/route-cache-dynamic-tail.test.ts","test-evidence-source","historical-test-copy","","V18","1","test evidence may reference historical gates for reproducibility; new tests should use capability names"
"src/dsxu/engine/__tests__/route-cache-roi-smoke.test.ts","test-evidence-source","historical-test-copy","","v18;V18","3","test evidence may reference historical gates for reproducibility; new tests should use capability names"
"src/dsxu/engine/__tests__/semantic-tool-gate-v1.test.ts","test-evidence-source","historical-test-copy","","V18;V8","3","test evidence may reference historical gates for reproducibility; new tests should use capability names"
"src/dsxu/engine/__tests__/semantic-tool-layer-v1.test.ts","test-evidence-source","historical-test-copy","","V18","1","test evidence may reference historical gates for reproducibility; new tests should use capability names"
"src/dsxu/engine/__tests__/stage-close-readiness.test.ts","test-evidence-source","historical-test-copy","","V18","1","test evidence may reference historical gates for reproducibility; new tests should use capability names"
"src/dsxu/engine/__tests__/stop-hook-runtime.test.ts","test-evidence-source","historical-test-copy","","v8;V8","7","test evidence may reference historical gates for reproducibility; new tests should use capability names"
"src/dsxu/engine/__tests__/subprocess-encoding-boundary-v1.test.ts","test-evidence-source","historical-test-copy","","V19","1","test evidence may reference historical gates for reproducibility; new tests should use capability names"
"src/dsxu/engine/__tests__/terminal-hit-rate.test.ts","test-evidence-source","historical-test-copy","","v18;V18","3","test evidence may reference historical gates for reproducibility; new tests should use capability names"
"src/dsxu/engine/__tests__/tool-catalog-v1-clean.test.ts","test-evidence-source","historical-test-copy","","V10","1","test evidence may reference historical gates for reproducibility; new tests should use capability names"
"src/dsxu/engine/__tests__/tool-definition-owner.test.ts","test-evidence-source","historical-test-copy","","v20","1","test evidence may reference historical gates for reproducibility; new tests should use capability names"
"src/dsxu/engine/__tests__/tool-gate-v1-clean.test.ts","test-evidence-source","historical-test-copy","","V10","1","test evidence may reference historical gates for reproducibility; new tests should use capability names"
"src/dsxu/engine/__tests__/tool-use-summary-governance-v1.test.ts","test-evidence-source","historical-test-copy","","v10","6","test evidence may reference historical gates for reproducibility; new tests should use capability names"
"src/dsxu/engine/__tests__/toolchain-repair-v1.test.ts","test-evidence-source","historical-test-copy","","V18","1","test evidence may reference historical gates for reproducibility; new tests should use capability names"
"src/dsxu/engine/__tests__/toolchain-selfcheck-v1.test.ts","test-evidence-source","historical-test-copy","","V18","1","test evidence may reference historical gates for reproducibility; new tests should use capability names"
"src/dsxu/engine/__tests__/tui-permission-fallback-health-v1.test.ts","test-evidence-source","historical-test-copy","","V18","1","test evidence may reference historical gates for reproducibility; new tests should use capability names"
"src/dsxu/engine/__tests__/tui-terminal-reliability-pack-v1.test.ts","test-evidence-source","historical-test-copy","","V18","1","test evidence may reference historical gates for reproducibility; new tests should use capability names"
"src/dsxu/engine/__tests__/visible-shared-owner.test.ts","test-evidence-source","historical-test-copy","","V20","1","test evidence may reference historical gates for reproducibility; new tests should use capability names"
"src/dsxu/engine/__tests__/wsl-workspace-health-v1.test.ts","test-evidence-source","historical-test-copy","","v18","1","test evidence may reference historical gates for reproducibility; new tests should use capability names"
"src/dsxu/engine/baseline-failure-reporter.ts","product-evidence-source","evidence-content-review","","v18;V18","5","evidence source can keep historical evidence IDs only when outputs are traceable and public names stay capability-based"
"src/dsxu/engine/benchmark-readiness.ts","product-evidence-source","evidence-content-review","","v18;V18","7","evidence source can keep historical evidence IDs only when outputs are traceable and public names stay capability-based"
"src/dsxu/engine/code-terminal-runner.ts","product-evidence-source","evidence-content-review","","v18;v8","7","evidence source can keep historical evidence IDs only when outputs are traceable and public names stay capability-based"
"src/dsxu/engine/controlled-failure-taxonomy.ts","product-evidence-source","evidence-content-review","","v18","1","evidence source can keep historical evidence IDs only when outputs are traceable and public names stay capability-based"
"src/dsxu/engine/cost-cache-live-task-evidence.ts","product-evidence-source","evidence-content-review","","v18;v19;V19","16","evidence source can keep historical evidence IDs only when outputs are traceable and public names stay capability-based"
"src/dsxu/engine/eval-baseline-manifest.ts","product-evidence-source","evidence-content-review","","v18","2","evidence source can keep historical evidence IDs only when outputs are traceable and public names stay capability-based"
"src/dsxu/engine/evidence-eval-pack.ts","product-evidence-source","evidence-content-review","","v18;V18","11","evidence source can keep historical evidence IDs only when outputs are traceable and public names stay capability-based"
"src/dsxu/engine/go-stop-decision.ts","product-evidence-source","evidence-content-review","","v18;V18","11","evidence source can keep historical evidence IDs only when outputs are traceable and public names stay capability-based"
"src/dsxu/engine/goal-driven-optimization-contract.ts","product-evidence-source","evidence-content-review","","v10","1","evidence source can keep historical evidence IDs only when outputs are traceable and public names stay capability-based"
"src/dsxu/engine/goal-roadmap-contract.ts","product-evidence-source","evidence-content-review","","v11;V11","11","evidence source can keep historical evidence IDs only when outputs are traceable and public names stay capability-based"
"src/dsxu/engine/high-pressure-reference-absorption-contract.ts","product-evidence-source","evidence-content-review","","V11;v8","2","evidence source can keep historical evidence IDs only when outputs are traceable and public names stay capability-based"
"src/dsxu/engine/live-real-task-compare.ts","product-evidence-source","evidence-content-review","","v18;v8","4","evidence source can keep historical evidence IDs only when outputs are traceable and public names stay capability-based"
"src/dsxu/engine/model-public-surface-gate.ts","product-evidence-source","evidence-content-review","","v18","2","evidence source can keep historical evidence IDs only when outputs are traceable and public names stay capability-based"
"src/dsxu/engine/next-stage-productization-contract.ts","product-evidence-source","evidence-content-review","","v10;v8","2","evidence source can keep historical evidence IDs only when outputs are traceable and public names stay capability-based"
"src/dsxu/engine/open-source-package-gate.ts","product-evidence-source","evidence-content-review","","v18;V18;V20","7","evidence source can keep historical evidence IDs only when outputs are traceable and public names stay capability-based"
"src/dsxu/engine/phase12-experience-oracle.ts","product-evidence-source","evidence-content-review","","v12","1","evidence source can keep historical evidence IDs only when outputs are traceable and public names stay capability-based"
"src/dsxu/engine/product-reality-hardening-contract.ts","product-evidence-source","evidence-content-review","","V11;v8","2","evidence source can keep historical evidence IDs only when outputs are traceable and public names stay capability-based"
"src/dsxu/engine/proprietary-code-risk-gate.ts","product-evidence-source","evidence-content-review","","v18;V18;V20","4","evidence source can keep historical evidence IDs only when outputs are traceable and public names stay capability-based"
"src/dsxu/engine/public-surface-clean-gate.ts","product-evidence-source","evidence-content-review","","v18;V18;V20","7","evidence source can keep historical evidence IDs only when outputs are traceable and public names stay capability-based"
"src/dsxu/engine/real-gap-acceptance.ts","product-evidence-source","evidence-content-review","","v20;V20","12","evidence source can keep historical evidence IDs only when outputs are traceable and public names stay capability-based"
"src/dsxu/engine/real-task-route-plan.ts","product-evidence-source","evidence-content-review","","v18","2","evidence source can keep historical evidence IDs only when outputs are traceable and public names stay capability-based"
"src/dsxu/engine/reference-absorption-completion-contract.ts","product-evidence-source","evidence-content-review","","v10;v8;v9;V9","19","evidence source can keep historical evidence IDs only when outputs are traceable and public names stay capability-based"
"src/dsxu/engine/reference-behavior-productization-contract.ts","product-evidence-source","evidence-content-review","","v10;V10;v8;V9","25","evidence source can keep historical evidence IDs only when outputs are traceable and public names stay capability-based"
"src/dsxu/engine/reference-experience-quality-contract.ts","product-evidence-source","evidence-content-review","","v10","1","evidence source can keep historical evidence IDs only when outputs are traceable and public names stay capability-based"
"src/dsxu/engine/reference-governance-absorption-contract.ts","product-evidence-source","evidence-content-review","","v10;V10;v8","10","evidence source can keep historical evidence IDs only when outputs are traceable and public names stay capability-based"
"src/dsxu/engine/release-provenance-gate.ts","product-evidence-source","evidence-content-review","","v18;V18;V20","4","evidence source can keep historical evidence IDs only when outputs are traceable and public names stay capability-based"
"src/dsxu/engine/release-test-gate.ts","product-evidence-source","evidence-content-review","","V18","1","evidence source can keep historical evidence IDs only when outputs are traceable and public names stay capability-based"
"src/dsxu/engine/route-cache-roi-smoke.ts","product-evidence-source","evidence-content-review","","v18","4","evidence source can keep historical evidence IDs only when outputs are traceable and public names stay capability-based"
"src/dsxu/engine/semantic-tool-trace.ts","product-evidence-source","evidence-content-review","","v18","1","evidence source can keep historical evidence IDs only when outputs are traceable and public names stay capability-based"
"src/dsxu/engine/stage-close-readiness.ts","product-evidence-source","evidence-content-review","","v18;V18","19","evidence source can keep historical evidence IDs only when outputs are traceable and public names stay capability-based"
"src/dsxu/engine/terminal-hit-rate.ts","product-evidence-source","evidence-content-review","","v18","3","evidence source can keep historical evidence IDs only when outputs are traceable and public names stay capability-based"
"src/dsxu/engine/ui-shell-manifest.ts","product-evidence-source","evidence-content-review","","v14","3","evidence source can keep historical evidence IDs only when outputs are traceable and public names stay capability-based"
"src/dsxu/engine/verify-review-chain.ts","product-evidence-source","evidence-content-review","","V18","1","evidence source can keep historical evidence IDs only when outputs are traceable and public names stay capability-based"
"src/dsxu/engine/wsl-execution-placement.ts","product-evidence-source","evidence-content-review","","v18","3","evidence source can keep historical evidence IDs only when outputs are traceable and public names stay capability-based"
"src/dsxu/engine/wsl-native-mirror-plan.ts","product-evidence-source","evidence-content-review","","v18","2","evidence source can keep historical evidence IDs only when outputs are traceable and public names stay capability-based"
"src/dsxu/integration/harness/agent-parent-final-gate-replay-v1-harness.ts","integration-evidence-harness","historical-harness-copy","","v18","1","harness content may reference historical evidence IDs; active imports must still resolve to DSXU owners"
"src/dsxu/integration/harness/allowed-tools-permission-floor-v1-harness.ts","integration-evidence-harness","historical-harness-copy","","v18;V18","7","harness content may reference historical evidence IDs; active imports must still resolve to DSXU owners"
"src/dsxu/integration/harness/background-server-lifecycle-v1-harness.ts","integration-evidence-harness","historical-harness-copy","","v18;V18","3","harness content may reference historical evidence IDs; active imports must still resolve to DSXU owners"
"src/dsxu/integration/harness/browser-dev-server-proof-v1-harness.ts","integration-evidence-harness","historical-harness-copy","","v18","2","harness content may reference historical evidence IDs; active imports must still resolve to DSXU owners"
"src/dsxu/integration/harness/code-mode-surgical-loop-v1-harness.ts","integration-evidence-harness","historical-harness-copy","","v18","1","harness content may reference historical evidence IDs; active imports must still resolve to DSXU owners"
"src/dsxu/integration/harness/compact-resume-replay-v1-harness.ts","integration-evidence-harness","historical-harness-copy","","v18","1","harness content may reference historical evidence IDs; active imports must still resolve to DSXU owners"
"src/dsxu/integration/harness/control-plane-replay-v1-harness.ts","integration-evidence-harness","historical-harness-copy","","v18","1","harness content may reference historical evidence IDs; active imports must still resolve to DSXU owners"
"src/dsxu/integration/harness/control-plane-stage-acceptance-v1-harness.ts","integration-evidence-harness","historical-harness-copy","","v18","1","harness content may reference historical evidence IDs; active imports must still resolve to DSXU owners"
"src/dsxu/integration/harness/debug-matrix.json","integration-evidence-harness","historical-harness-copy","","V15","1","harness content may reference historical evidence IDs; active imports must still resolve to DSXU owners"
"src/dsxu/integration/harness/dev-server-lifecycle-v1-harness.ts","integration-evidence-harness","historical-harness-copy","","v18;V18","4","harness content may reference historical evidence IDs; active imports must still resolve to DSXU owners"
"src/dsxu/integration/harness/docker-wsl-integration-health-v1-harness.ts","integration-evidence-harness","historical-harness-copy","","v18","1","harness content may reference historical evidence IDs; active imports must still resolve to DSXU owners"
"src/dsxu/integration/harness/experience-store-expanded-replay-v1-harness.ts","integration-evidence-harness","historical-harness-copy","","v18","1","harness content may reference historical evidence IDs; active imports must still resolve to DSXU owners"
"src/dsxu/integration/harness/experience-store-replay-v1-harness.ts","integration-evidence-harness","historical-harness-copy","","v18","1","harness content may reference historical evidence IDs; active imports must still resolve to DSXU owners"
"src/dsxu/integration/harness/experience-store-smooth-resume-pack-v1-harness.ts","integration-evidence-harness","historical-harness-copy","","v18","1","harness content may reference historical evidence IDs; active imports must still resolve to DSXU owners"
"src/dsxu/integration/harness/experience-store-source-truth-conflict-v1-harness.ts","integration-evidence-harness","historical-harness-copy","","v18","1","harness content may reference historical evidence IDs; active imports must still resolve to DSXU owners"
"src/dsxu/integration/harness/frontend-project-dev-server-v1-harness.ts","integration-evidence-harness","historical-harness-copy","","v18","2","harness content may reference historical evidence IDs; active imports must still resolve to DSXU owners"
"src/dsxu/integration/harness/live-provider-gate-v1-harness.ts","integration-evidence-harness","historical-harness-copy","","v18","2","harness content may reference historical evidence IDs; active imports must still resolve to DSXU owners"
"src/dsxu/integration/harness/local-agent-background-lifecycle-v1-harness.ts","integration-evidence-harness","historical-harness-copy","","v18;V18","2","harness content may reference historical evidence IDs; active imports must still resolve to DSXU owners"
"src/dsxu/integration/harness/model-driven-tui-long-task-v1-harness.ts","integration-evidence-harness","historical-harness-copy","","v18;V18","3","harness content may reference historical evidence IDs; active imports must still resolve to DSXU owners"
"src/dsxu/integration/harness/real-tui-harness.ts","integration-evidence-harness","historical-harness-copy","","v18","1","harness content may reference historical evidence IDs; active imports must still resolve to DSXU owners"
"src/dsxu/integration/harness/remote-network-workflow-v1-harness.ts","integration-evidence-harness","historical-harness-copy","","v18","2","harness content may reference historical evidence IDs; active imports must still resolve to DSXU owners"
"src/dsxu/integration/harness/smooth-resume-live-task-v1-harness.ts","integration-evidence-harness","historical-harness-copy","","v19","1","harness content may reference historical evidence IDs; active imports must still resolve to DSXU owners"
"src/dsxu/integration/harness/task-notification-processing-v1-harness.ts","integration-evidence-harness","historical-harness-copy","","v18","1","harness content may reference historical evidence IDs; active imports must still resolve to DSXU owners"
"src/dsxu/integration/harness/toolchain-selfcheck-v1-harness.ts","integration-evidence-harness","historical-harness-copy","","v18","1","harness content may reference historical evidence IDs; active imports must still resolve to DSXU owners"
"src/dsxu/integration/harness/tui-permission-fallback-health-v1-harness.ts","integration-evidence-harness","historical-harness-copy","","v18","1","harness content may reference historical evidence IDs; active imports must still resolve to DSXU owners"
"src/dsxu/integration/harness/tui-terminal-reliability-pack-v1-harness.ts","integration-evidence-harness","historical-harness-copy","","v18","1","harness content may reference historical evidence IDs; active imports must still resolve to DSXU owners"
"src/dsxu/integration/harness/v10-context-budget-v1-harness.ts","acl-residue","acl-external-closure","v10","","0","owner-signed external ACL residue; do not import or restore runtime; delete only when filesystem permissions allow it"
"src/dsxu/integration/harness/v10-longtask-stability-v1-harness.ts","acl-residue","acl-external-closure","v10","","0","owner-signed external ACL residue; do not import or restore runtime; delete only when filesystem permissions allow it"
"src/dsxu/integration/harness/v10-model-gateway-v1-harness.ts","acl-residue","acl-external-closure","v10","","0","owner-signed external ACL residue; do not import or restore runtime; delete only when filesystem permissions allow it"
"src/dsxu/integration/harness/wsl-workspace-health-v1-harness.ts","integration-evidence-harness","historical-harness-copy","","v18","1","harness content may reference historical evidence IDs; active imports must still resolve to DSXU owners"
"src/tools/__tests__/tool-permission-owner-gate.test.ts","test-evidence-source","historical-test-copy","","V20","1","test evidence may reference historical gates for reproducibility; new tests should use capability names"
