"suite","id","category","finalPass","firstAttemptPass","secondAttemptPass","cacheHitRatePct","costUsd","wallClockMs","toolResultChars","failureRecoveryEvents","proAdmissionCount","rawTranscriptPath"
"hard-engineering","deepseek-route-cost-cache","deepseek-runtime","true","false","true","65.4","0.010754","66084","10967","7","0",".dsxu/trace/hard-engineering-benchmark/deepseek-route-cost-cache-dsxu-2026-05-19T15-14-42-633Z.jsonl"
"hard-engineering","release-claim-evidence-binder","release-evidence","true","false","true","61.9","0.010584","90901","8112","3","0",".dsxu/trace/hard-engineering-benchmark/release-claim-evidence-binder-dsxu-2026-05-19T15-15-55-515Z.jsonl"
"hard-engineering","repo-swe-checkout-pricing","repo-swe","true","false","true","66.9","0.008284","86419","12872","8","0",".dsxu/trace/hard-engineering-benchmark/repo-swe-checkout-pricing-dsxu-2026-05-19T01-42-06-074Z.jsonl"
"hard-engineering","terminal-devops-result-recovery","terminal-devops","true","false","true","67.8","0.013207","74712","12876","5","0",".dsxu/trace/hard-engineering-benchmark/terminal-devops-result-recovery-dsxu-2026-05-19T01-43-36-514Z.jsonl"
"hard-engineering","tool-policy-claim-permission","tool-policy","true","false","true","55.1","0.047126","524406","22303","14","0",".dsxu/trace/hard-engineering-benchmark/tool-policy-claim-permission-dsxu-2026-05-19T01-44-54-373Z.jsonl"
"hard-engineering","visible-product-timeline","visible-product","true","false","true","56.5","0.014751","103808","11889","8","0",".dsxu/trace/hard-engineering-benchmark/visible-product-timeline-dsxu-2026-05-19T15-12-51-746Z.jsonl"
"hard-engineering","context-recovery-source-truth","context-recovery","true","false","true","78.8","0.005845","47911","7986","5","0",".dsxu/trace/hard-engineering-benchmark/context-recovery-source-truth-dsxu-2026-05-19T01-56-30-491Z.jsonl"
"hard-engineering","agent-merge-evidence-envelope","agent-coordination","true","false","true","75.6","0.005647","38882","10093","7","0",".dsxu/trace/hard-engineering-benchmark/agent-merge-evidence-envelope-dsxu-2026-05-19T01-57-29-930Z.jsonl"
"hard-engineering","mcp-skill-priority-boundary","mcp-skill","true","false","true","74.2","0.006586","57647","9538","7","0",".dsxu/trace/hard-engineering-benchmark/mcp-skill-priority-boundary-dsxu-2026-05-19T01-58-13-956Z.jsonl"
"raw-api-vs-dsxu","route-policy-flash-first","workflow-lift","true","false","true","40.7","0.008364","45197","5625","1","0",".dsxu/trace/raw-api-vs-dsxu-ab/route-policy-flash-first-dsxu-2026-05-19T02-01-30-326Z.jsonl"
"raw-api-vs-dsxu","terminal-result-pack","workflow-lift","true","false","true","80.2","0.002948","21452","4125","1","0",".dsxu/trace/raw-api-vs-dsxu-ab/terminal-result-pack-dsxu-2026-05-19T02-02-19-593Z.jsonl"
"raw-api-vs-dsxu","claim-boundary-guard","workflow-lift","true","false","true","55","0.007354","38302","4541","2","0",".dsxu/trace/raw-api-vs-dsxu-ab/claim-boundary-guard-dsxu-2026-05-19T02-02-44-969Z.jsonl"
"raw-api-vs-dsxu","source-capsule-budget","workflow-lift","true","false","true","54.6","0.00598","27088","3902","2","0",".dsxu/trace/raw-api-vs-dsxu-ab/source-capsule-budget-dsxu-2026-05-19T02-03-26-465Z.jsonl"
"raw-api-vs-dsxu","permission-gate-decision","workflow-lift","true","false","true","66.9","0.005839","22453","4457","3","0",".dsxu/trace/raw-api-vs-dsxu-ab/permission-gate-decision-dsxu-2026-05-19T02-03-56-877Z.jsonl"
"raw-api-vs-dsxu","failure-repair-taxonomy","workflow-lift","true","false","true","79.3","0.00318","24431","3941","1","0",".dsxu/trace/raw-api-vs-dsxu-ab/failure-repair-taxonomy-dsxu-2026-05-19T02-04-23-386Z.jsonl"
"raw-api-vs-dsxu","agent-evidence-envelope","workflow-lift","true","false","true","55.1","0.005742","21674","4654","2","0",".dsxu/trace/raw-api-vs-dsxu-ab/agent-evidence-envelope-dsxu-2026-05-19T02-04-50-705Z.jsonl"
"raw-api-vs-dsxu","mcp-skill-registry","workflow-lift","true","false","true","56.2","0.005394","17099","3832","1","0",".dsxu/trace/raw-api-vs-dsxu-ab/mcp-skill-registry-dsxu-2026-05-19T02-05-15-393Z.jsonl"
"raw-api-vs-dsxu","json-schema-repair","workflow-lift","true","false","true","63.9","0.006857","29779","5702","1","0",".dsxu/trace/raw-api-vs-dsxu-ab/json-schema-repair-dsxu-2026-05-19T02-05-36-462Z.jsonl"
"raw-api-vs-dsxu","workspace-hygiene-classifier","workflow-lift","true","false","true","56","0.005491","18395","3951","1","0",".dsxu/trace/raw-api-vs-dsxu-ab/workspace-hygiene-classifier-dsxu-2026-05-19T02-06-09-217Z.jsonl"
"raw-api-vs-dsxu","route-intent-lock","workflow-lift","true","false","true","56","0.005399","16925","3875","1","0",".dsxu/trace/raw-api-vs-dsxu-ab/route-intent-lock-dsxu-2026-05-19T02-06-30-702Z.jsonl"
"raw-api-vs-dsxu","read-fallback-governor","workflow-lift","true","false","true","56.4","0.00534","17203","3610","1","0",".dsxu/trace/raw-api-vs-dsxu-ab/read-fallback-governor-dsxu-2026-05-19T02-06-50-188Z.jsonl"
"raw-api-vs-dsxu","secret-release-redaction","workflow-lift","true","false","true","71.3","0.008104","49640","5588","3","0",".dsxu/trace/raw-api-vs-dsxu-ab/secret-release-redaction-dsxu-2026-05-19T02-07-11-080Z.jsonl"
"raw-api-vs-dsxu","cost-quality-pareto","workflow-lift","true","false","true","55.9","0.005505","18095","3915","1","0",".dsxu/trace/raw-api-vs-dsxu-ab/cost-quality-pareto-dsxu-2026-05-19T02-08-03-697Z.jsonl"
"raw-api-vs-dsxu","visible-state-projection","workflow-lift","true","false","true","56.4","0.005344","16034","3664","1","0",".dsxu/trace/raw-api-vs-dsxu-ab/visible-state-projection-dsxu-2026-05-19T02-08-24-850Z.jsonl"
