"id","scope","loop","owner","claudeFileHits","dsxuFileHits","signalStatus","acceptanceStatus","requiredEvidence"
"P01","primary-loop","Goal / Intent / Session Loop","Query Loop","978","1413","SIGNAL_PRESENT_NEEDS_BEHAVIOR_EVIDENCE","OPEN_BEHAVIOR_EVIDENCE_REQUIRED","same-window topic replay and long-task goal retention transcript"
"P02","primary-loop","Visible Work-State Loop","UI/TUI Work-State","1079","1490","SIGNAL_PRESENT_NEEDS_BEHAVIOR_EVIDENCE","OPEN_BEHAVIOR_EVIDENCE_REQUIRED","TUI/CLI/stream-json timeline with goal, tool, permission, failure, cost, next action"
"P03","primary-loop","Tool Lifecycle Loop","Tool Gate","1292","1900","SIGNAL_PRESENT_NEEDS_BEHAVIOR_EVIDENCE","OPEN_BEHAVIOR_EVIDENCE_REQUIRED","strict schema, permission, execution, result pairing evidence pack"
"P04","primary-loop","Permission / Safety Loop","Permission Gate","762","1153","SIGNAL_PRESENT_NEEDS_BEHAVIOR_EVIDENCE","OPEN_BEHAVIOR_EVIDENCE_REQUIRED","permission replay including denial recovery across shell, edit, MCP, browser, agent"
"P05","primary-loop","Source Truth / Coding Loop","Coding Workflow","1597","2042","SIGNAL_PRESENT_NEEDS_BEHAVIOR_EVIDENCE","OPEN_BEHAVIOR_EVIDENCE_REQUIRED","real read/patch/diff/test/final report task trace"
"P06","primary-loop","Plan / Todo / Task Loop","Task State","914","1434","SIGNAL_PRESENT_NEEDS_BEHAVIOR_EVIDENCE","OPEN_BEHAVIOR_EVIDENCE_REQUIRED","task timeline proving completion only after tool/test evidence"
"P07","primary-loop","Agent Delegation Loop","Agent Lifecycle","620","782","SIGNAL_PRESENT_NEEDS_BEHAVIOR_EVIDENCE","OPEN_BEHAVIOR_EVIDENCE_REQUIRED","serial/parallel worker replay and parent synthesis evidence references"
"P08","primary-loop","Context / Memory / Compact Loop","Context Recovery","1118","1612","SIGNAL_PRESENT_NEEDS_BEHAVIOR_EVIDENCE","OPEN_BEHAVIOR_EVIDENCE_REQUIRED","45-minute resume replay with source-truth reread"
"P09","primary-loop","Failure / Recovery Loop","Recovery","1042","1589","SIGNAL_PRESENT_NEEDS_BEHAVIOR_EVIDENCE","OPEN_BEHAVIOR_EVIDENCE_REQUIRED","named failure taxonomy and recovery transcript"
"P10","primary-loop","Model / Cost / Cache Loop","DeepSeek Model Router","1096","1485","SIGNAL_PRESENT_NEEDS_BEHAVIOR_EVIDENCE","OPEN_BEHAVIOR_EVIDENCE_REQUIRED","DeepSeek route trace, cache hit/miss, task cost ROI"
"P11","primary-loop","MCP / Skill / Plugin Loop","MCP/Skill Registry","774","891","SIGNAL_PRESENT_NEEDS_BEHAVIOR_EVIDENCE","OPEN_BEHAVIOR_EVIDENCE_REQUIRED","MCP intake, skill selection, doctor, secret redaction"
"P12","primary-loop","IDE / Remote / API Loop","IDE/API Bridge","1324","1810","SIGNAL_PRESENT_NEEDS_BEHAVIOR_EVIDENCE","OPEN_BEHAVIOR_EVIDENCE_REQUIRED","IDE bridge smoke with diff, permission, timeline"
"P13","primary-loop","Browser / External Action Loop","External Tool Provider","645","1062","SIGNAL_PRESENT_NEEDS_BEHAVIOR_EVIDENCE","OPEN_BEHAVIOR_EVIDENCE_REQUIRED","browser task transcript with permission and evidence"
"P14","primary-loop","Telemetry / Evidence / Report Loop","Evidence","577","978","SIGNAL_PRESENT_NEEDS_BEHAVIOR_EVIDENCE","OPEN_BEHAVIOR_EVIDENCE_REQUIRED","PASS/PARTIAL/FAIL metrics, trace, risk, cost"
"P15","primary-loop","Release / Doctor / Install Loop","Release","1902","2411","SIGNAL_PRESENT_NEEDS_BEHAVIOR_EVIDENCE","OPEN_BEHAVIOR_EVIDENCE_REQUIRED","clean export and fresh install smoke"
"S01","secondary-loop","user intent and task boundary","Query Loop","729","1072","SIGNAL_PRESENT_NEEDS_BEHAVIOR_EVIDENCE","OPEN_BEHAVIOR_EVIDENCE_REQUIRED","real DSXU behavior evidence, not owner-disposition or signal count"
"S02","secondary-loop","repository orientation","Source Truth","552","793","SIGNAL_PRESENT_NEEDS_BEHAVIOR_EVIDENCE","OPEN_BEHAVIOR_EVIDENCE_REQUIRED","real DSXU behavior evidence, not owner-disposition or signal count"
"S03","secondary-loop","real import/use evidence","Owner/Git Evidence","1902","2650","SIGNAL_PRESENT_NEEDS_BEHAVIOR_EVIDENCE","OPEN_BEHAVIOR_EVIDENCE_REQUIRED","real DSXU behavior evidence, not owner-disposition or signal count"
"S04","secondary-loop","active plan state","Task State","906","1329","SIGNAL_PRESENT_NEEDS_BEHAVIOR_EVIDENCE","OPEN_BEHAVIOR_EVIDENCE_REQUIRED","real DSXU behavior evidence, not owner-disposition or signal count"
"S05","secondary-loop","todo verified before complete","Task State","603","1103","SIGNAL_PRESENT_NEEDS_BEHAVIOR_EVIDENCE","OPEN_BEHAVIOR_EVIDENCE_REQUIRED","real DSXU behavior evidence, not owner-disposition or signal count"
"S06","secondary-loop","file localization and edit boundary","Coding Workflow","1120","1584","SIGNAL_PRESENT_NEEDS_BEHAVIOR_EVIDENCE","OPEN_BEHAVIOR_EVIDENCE_REQUIRED","real DSXU behavior evidence, not owner-disposition or signal count"
"S07","secondary-loop","diff risk explanation","Coding Workflow","453","632","SIGNAL_PRESENT_NEEDS_BEHAVIOR_EVIDENCE","OPEN_BEHAVIOR_EVIDENCE_REQUIRED","real DSXU behavior evidence, not owner-disposition or signal count"
"S08","secondary-loop","tool schema selection","Tool Gate","928","1383","SIGNAL_PRESENT_NEEDS_BEHAVIOR_EVIDENCE","OPEN_BEHAVIOR_EVIDENCE_REQUIRED","real DSXU behavior evidence, not owner-disposition or signal count"
"S09","secondary-loop","strict tool parameter validation","Tool Gate","557","828","SIGNAL_PRESENT_NEEDS_BEHAVIOR_EVIDENCE","OPEN_BEHAVIOR_EVIDENCE_REQUIRED","real DSXU behavior evidence, not owner-disposition or signal count"
"S10","secondary-loop","Bash/PowerShell lifecycle","Shell Adapter","625","981","SIGNAL_PRESENT_NEEDS_BEHAVIOR_EVIDENCE","OPEN_BEHAVIOR_EVIDENCE_REQUIRED","real DSXU behavior evidence, not owner-disposition or signal count"
"S11","secondary-loop","write permission chain","Permission Gate","1016","1457","SIGNAL_PRESENT_NEEDS_BEHAVIOR_EVIDENCE","OPEN_BEHAVIOR_EVIDENCE_REQUIRED","real DSXU behavior evidence, not owner-disposition or signal count"
"S12","secondary-loop","destructive command guard","Permission Gate","739","983","SIGNAL_PRESENT_NEEDS_BEHAVIOR_EVIDENCE","OPEN_BEHAVIOR_EVIDENCE_REQUIRED","real DSXU behavior evidence, not owner-disposition or signal count"
"S13","secondary-loop","MCP server intake","MCP Registry","727","851","SIGNAL_PRESENT_NEEDS_BEHAVIOR_EVIDENCE","OPEN_BEHAVIOR_EVIDENCE_REQUIRED","real DSXU behavior evidence, not owner-disposition or signal count"
"S14","secondary-loop","skill and command intake","Skill Registry","1039","1421","SIGNAL_PRESENT_NEEDS_BEHAVIOR_EVIDENCE","OPEN_BEHAVIOR_EVIDENCE_REQUIRED","real DSXU behavior evidence, not owner-disposition or signal count"
"S15","secondary-loop","browser and external action","External Provider","477","559","SIGNAL_PRESENT_NEEDS_BEHAVIOR_EVIDENCE","OPEN_BEHAVIOR_EVIDENCE_REQUIRED","real DSXU behavior evidence, not owner-disposition or signal count"
"S16","secondary-loop","IDE/API entry","IDE/API Bridge","1324","1810","SIGNAL_PRESENT_NEEDS_BEHAVIOR_EVIDENCE","OPEN_BEHAVIOR_EVIDENCE_REQUIRED","real DSXU behavior evidence, not owner-disposition or signal count"
"S17","secondary-loop","agent ownership boundary","Agent Lifecycle","696","945","SIGNAL_PRESENT_NEEDS_BEHAVIOR_EVIDENCE","OPEN_BEHAVIOR_EVIDENCE_REQUIRED","real DSXU behavior evidence, not owner-disposition or signal count"
"S18","secondary-loop","agent evidence synthesis","Agent Lifecycle","864","1451","SIGNAL_PRESENT_NEEDS_BEHAVIOR_EVIDENCE","OPEN_BEHAVIOR_EVIDENCE_REQUIRED","real DSXU behavior evidence, not owner-disposition or signal count"
"S19","secondary-loop","parallel cancel and recovery","Agent Lifecycle","709","1120","SIGNAL_PRESENT_NEEDS_BEHAVIOR_EVIDENCE","OPEN_BEHAVIOR_EVIDENCE_REQUIRED","real DSXU behavior evidence, not owner-disposition or signal count"
"S20","secondary-loop","context compact","Context Recovery","885","1341","SIGNAL_PRESENT_NEEDS_BEHAVIOR_EVIDENCE","OPEN_BEHAVIOR_EVIDENCE_REQUIRED","real DSXU behavior evidence, not owner-disposition or signal count"
"S21","secondary-loop","resume source reread","Context Recovery","1117","1095","SIGNAL_PRESENT_NEEDS_BEHAVIOR_EVIDENCE","OPEN_BEHAVIOR_EVIDENCE_REQUIRED","real DSXU behavior evidence, not owner-disposition or signal count"
"S22","secondary-loop","failure classification","Recovery","919","1457","SIGNAL_PRESENT_NEEDS_BEHAVIOR_EVIDENCE","OPEN_BEHAVIOR_EVIDENCE_REQUIRED","real DSXU behavior evidence, not owner-disposition or signal count"
"S23","secondary-loop","test failure repair path","Coding Workflow","988","1600","SIGNAL_PRESENT_NEEDS_BEHAVIOR_EVIDENCE","OPEN_BEHAVIOR_EVIDENCE_REQUIRED","real DSXU behavior evidence, not owner-disposition or signal count"
"S24","secondary-loop","provider retry/escalation","Model Router","1582","2253","SIGNAL_PRESENT_NEEDS_BEHAVIOR_EVIDENCE","OPEN_BEHAVIOR_EVIDENCE_REQUIRED","real DSXU behavior evidence, not owner-disposition or signal count"
"S25","secondary-loop","thinking trajectory return","DeepSeek Runtime","161","256","SIGNAL_PRESENT_NEEDS_BEHAVIOR_EVIDENCE","OPEN_BEHAVIOR_EVIDENCE_REQUIRED","real DSXU behavior evidence, not owner-disposition or signal count"
"S26","secondary-loop","FIM edit lane","DeepSeek Runtime","118","186","SIGNAL_PRESENT_NEEDS_BEHAVIOR_EVIDENCE","OPEN_BEHAVIOR_EVIDENCE_REQUIRED","real DSXU behavior evidence, not owner-disposition or signal count"
"S27","secondary-loop","cache/prefix ROI","DeepSeek Runtime","1227","1514","SIGNAL_PRESENT_NEEDS_BEHAVIOR_EVIDENCE","OPEN_BEHAVIOR_EVIDENCE_REQUIRED","real DSXU behavior evidence, not owner-disposition or signal count"
"S28","secondary-loop","cost visibility","Cost Evidence","523","779","SIGNAL_PRESENT_NEEDS_BEHAVIOR_EVIDENCE","OPEN_BEHAVIOR_EVIDENCE_REQUIRED","real DSXU behavior evidence, not owner-disposition or signal count"
"S29","secondary-loop","progress visibility","Work-State","667","983","SIGNAL_PRESENT_NEEDS_BEHAVIOR_EVIDENCE","OPEN_BEHAVIOR_EVIDENCE_REQUIRED","real DSXU behavior evidence, not owner-disposition or signal count"
"S30","secondary-loop","UI/TUI input experience","UI/TUI","1389","1990","SIGNAL_PRESENT_NEEDS_BEHAVIOR_EVIDENCE","OPEN_BEHAVIOR_EVIDENCE_REQUIRED","real DSXU behavior evidence, not owner-disposition or signal count"
"S31","secondary-loop","final answer evidence","Evidence","441","922","SIGNAL_PRESENT_NEEDS_BEHAVIOR_EVIDENCE","OPEN_BEHAVIOR_EVIDENCE_REQUIRED","real DSXU behavior evidence, not owner-disposition or signal count"
"S32","secondary-loop","telemetry and report","Evidence","267","583","SIGNAL_PRESENT_NEEDS_BEHAVIOR_EVIDENCE","OPEN_BEHAVIOR_EVIDENCE_REQUIRED","real DSXU behavior evidence, not owner-disposition or signal count"
"S33","secondary-loop","public challenge packaging","Product Data","634","771","SIGNAL_PRESENT_NEEDS_BEHAVIOR_EVIDENCE","OPEN_BEHAVIOR_EVIDENCE_REQUIRED","real DSXU behavior evidence, not owner-disposition or signal count"
"S34","secondary-loop","performance and experience data","Product Data","773","912","SIGNAL_PRESENT_NEEDS_BEHAVIOR_EVIDENCE","OPEN_BEHAVIOR_EVIDENCE_REQUIRED","real DSXU behavior evidence, not owner-disposition or signal count"
"S35","secondary-loop","license/IP/brand guard","Commercial/IP","61","80","SIGNAL_PRESENT_NEEDS_BEHAVIOR_EVIDENCE","OPEN_BEHAVIOR_EVIDENCE_REQUIRED","real DSXU behavior evidence, not owner-disposition or signal count"
"S36","secondary-loop","release/install/doctor","Release","1902","2410","SIGNAL_PRESENT_NEEDS_BEHAVIOR_EVIDENCE","OPEN_BEHAVIOR_EVIDENCE_REQUIRED","real DSXU behavior evidence, not owner-disposition or signal count"
