"c2Action","claudePath","dsxuPath","c2OwnerFamily","primarySignal","targetOwnerPacket","currentGitStatus","currentReviewState","signoffDecision"
"review_candidate","cli/exit.ts","src/cli/exit.ts","unclassified_support","coding_workflow","V20-OGR-08-cli-command-transport","M","owner-review-required","map_to_named_dsxu_owner_for_absorption_review"
"review_candidate","cli/handlers/autoMode.ts","src/cli/handlers/autoMode.ts","unclassified_support","coding_workflow","V20-OGR-08-cli-command-transport","M","owner-review-required","map_to_named_dsxu_owner_for_absorption_review"
"review_candidate","cli/ndjsonSafeStringify.ts","src/cli/ndjsonSafeStringify.ts","unclassified_support","permission_safety","V20-OGR-08-cli-command-transport","M","owner-review-required","map_to_named_dsxu_owner_for_absorption_review"
"review_candidate","cli/transports/HybridTransport.ts","src/cli/transports/HybridTransport.ts","unclassified_support","coding_workflow","V20-OGR-08-cli-command-transport","M","owner-review-required","map_to_named_dsxu_owner_for_absorption_review"
"review_candidate","cli/transports/SerialBatchEventUploader.ts","src/cli/transports/SerialBatchEventUploader.ts","unclassified_support","coding_workflow","V20-OGR-08-cli-command-transport","M","owner-review-required","map_to_named_dsxu_owner_for_absorption_review"
"review_absorb_as_shared_utility_only_if_imported","cli/transports/transportUtils.ts","src/cli/transports/transportUtils.ts","support_util","coding_workflow","V20-OGR-08-cli-command-transport","M","owner-review-required","retain_only_if_dsxu_mainline_imported_else_replace_delete_candidate"
"review_candidate","cli/transports/WebSocketTransport.ts","src/cli/transports/WebSocketTransport.ts","unclassified_support","coding_workflow","V20-OGR-08-cli-command-transport","M","owner-review-required","map_to_named_dsxu_owner_for_absorption_review"
"review_candidate","cli/transports/WorkerStateUploader.ts","src/cli/transports/WorkerStateUploader.ts","unclassified_support","coding_workflow","V20-OGR-08-cli-command-transport","M","owner-review-required","map_to_named_dsxu_owner_for_absorption_review"
"review_absorb_as_shared_utility_only_if_imported","constants/common.ts","src/constants/common.ts","support_util","tool_runtime","V20-OGR-07-provider-migration-model-cost","not-in-current-git-status","c2-owner-review-only","retain_only_if_dsxu_mainline_imported_else_replace_delete_candidate"
"review_absorb_as_shared_utility_only_if_imported","constants/cyberRiskInstruction.ts","src/constants/cyberRiskInstruction.ts","support_util","coding_workflow","V20-OGR-13-other-source-owner-review","M","owner-review-required","retain_only_if_dsxu_mainline_imported_else_replace_delete_candidate"
"review_absorb_as_shared_utility_only_if_imported","constants/errorIds.ts","src/constants/errorIds.ts","support_util","coding_workflow","V20-OGR-13-other-source-owner-review","M","owner-review-required","retain_only_if_dsxu_mainline_imported_else_replace_delete_candidate"
"review_absorb_as_shared_utility_only_if_imported","constants/files.ts","src/constants/files.ts","support_util","coding_workflow","V20-OGR-13-other-source-owner-review","not-in-current-git-status","c2-owner-review-only","retain_only_if_dsxu_mainline_imported_else_replace_delete_candidate"
"review_absorb_as_shared_utility_only_if_imported","constants/outputStyles.ts","src/constants/outputStyles.ts","support_util","coding_workflow","V20-OGR-13-other-source-owner-review","M","owner-review-required","retain_only_if_dsxu_mainline_imported_else_replace_delete_candidate"
"review_absorb_as_shared_utility_only_if_imported","constants/spinnerVerbs.ts","src/constants/spinnerVerbs.ts","support_util","coding_workflow","V20-OGR-13-other-source-owner-review","M","owner-review-required","retain_only_if_dsxu_mainline_imported_else_replace_delete_candidate"
"review_absorb_as_shared_utility_only_if_imported","constants/systemPromptSections.ts","src/constants/systemPromptSections.ts","support_util","coding_workflow","V20-OGR-07-provider-migration-model-cost","not-in-current-git-status","c2-owner-review-only","retain_only_if_dsxu_mainline_imported_else_replace_delete_candidate"
"review_absorb_as_shared_utility_only_if_imported","constants/turnCompletionVerbs.ts","src/constants/turnCompletionVerbs.ts","support_util","coding_workflow","V20-OGR-13-other-source-owner-review","M","owner-review-required","retain_only_if_dsxu_mainline_imported_else_replace_delete_candidate"
"review_absorb_as_shared_utility_only_if_imported","constants/xml.ts","src/constants/xml.ts","support_util","coding_workflow","V20-OGR-13-other-source-owner-review","M","owner-review-required","retain_only_if_dsxu_mainline_imported_else_replace_delete_candidate"
"review_absorb_as_shared_utility_only_if_imported","entrypoints/sdk/controlSchemas.ts","src/entrypoints/sdk/controlSchemas.ts","support_util","coding_workflow","V20-OGR-08-cli-command-transport","M","owner-review-required","retain_only_if_dsxu_mainline_imported_else_replace_delete_candidate"
"review_absorb_as_shared_utility_only_if_imported","entrypoints/sdk/coreTypes.ts","src/entrypoints/sdk/coreTypes.ts","support_util","coding_workflow","V20-OGR-08-cli-command-transport","M","owner-review-required","retain_only_if_dsxu_mainline_imported_else_replace_delete_candidate"
"review_absorb_as_shared_utility_only_if_imported","migrations/migrateAutoUpdatesToSettings.ts","src/migrations/migrateAutoUpdatesToSettings.ts","support_util","coding_workflow","V20-OGR-13-other-source-owner-review","M","owner-review-required","retain_only_if_dsxu_mainline_imported_else_replace_delete_candidate"
"review_absorb_as_shared_utility_only_if_imported","migrations/migrateFennecToOpus.ts","src/migrations/migrateFennecToOpus.ts","support_util","coding_workflow","V20-OGR-13-other-source-owner-review","M","owner-review-required","retain_only_if_dsxu_mainline_imported_else_replace_delete_candidate"
"review_absorb_as_shared_utility_only_if_imported","migrations/migrateLegacyOpusToCurrent.ts","src/migrations/migrateLegacyOpusToCurrent.ts","support_util","coding_workflow","V20-OGR-13-other-source-owner-review","M","owner-review-required","retain_only_if_dsxu_mainline_imported_else_replace_delete_candidate"
"review_absorb_as_shared_utility_only_if_imported","migrations/migrateOpusToOpus1m.ts","src/migrations/migrateOpusToOpus1m.ts","support_util","coding_workflow","V20-OGR-07-provider-migration-model-cost","not-in-current-git-status","c2-owner-review-only","retain_only_if_dsxu_mainline_imported_else_replace_delete_candidate"
"review_absorb_as_shared_utility_only_if_imported","migrations/migrateSonnet1mToSonnet45.ts","src/migrations/migrateSonnet1mToSonnet45.ts","support_util","coding_workflow","V20-OGR-13-other-source-owner-review","M","owner-review-required","retain_only_if_dsxu_mainline_imported_else_replace_delete_candidate"
"review_absorb_as_shared_utility_only_if_imported","migrations/migrateSonnet45ToSonnet46.ts","src/migrations/migrateSonnet45ToSonnet46.ts","support_util","coding_workflow","V20-OGR-13-other-source-owner-review","M","owner-review-required","retain_only_if_dsxu_mainline_imported_else_replace_delete_candidate"
"review_absorb_as_shared_utility_only_if_imported","migrations/resetAutoModeOptInForDefaultOffer.ts","src/migrations/resetAutoModeOptInForDefaultOffer.ts","support_util","coding_workflow","V20-OGR-13-other-source-owner-review","M","owner-review-required","retain_only_if_dsxu_mainline_imported_else_replace_delete_candidate"
"review_absorb_as_shared_utility_only_if_imported","migrations/resetProToOpusDefault.ts","src/migrations/resetProToOpusDefault.ts","support_util","coding_workflow","V20-OGR-13-other-source-owner-review","M","owner-review-required","retain_only_if_dsxu_mainline_imported_else_replace_delete_candidate"
"review_candidate","moreright/useMoreRight.tsx","src/moreright/useMoreRight.tsx","unclassified_support","coding_workflow","V20-OGR-13-other-source-owner-review","M","owner-review-required","map_to_named_dsxu_owner_for_absorption_review"
"review_absorb_as_shared_utility_only_if_imported","native-ts/file-index/index.ts","src/native-ts/file-index/index.ts","support_util","coding_workflow","V20-OGR-13-other-source-owner-review","M","owner-review-required","retain_only_if_dsxu_mainline_imported_else_replace_delete_candidate"
"review_absorb_as_shared_utility_only_if_imported","native-ts/yoga-layout/enums.ts","src/native-ts/yoga-layout/enums.ts","support_util","ui_interaction","V20-OGR-13-other-source-owner-review","M","owner-review-required","retain_only_if_dsxu_mainline_imported_else_replace_delete_candidate"
"review_absorb_as_shared_utility_only_if_imported","native-ts/yoga-layout/index.ts","src/native-ts/yoga-layout/index.ts","support_util","coding_workflow","V20-OGR-13-other-source-owner-review","M","owner-review-required","retain_only_if_dsxu_mainline_imported_else_replace_delete_candidate"
"review_candidate","outputStyles/loadOutputStylesDir.ts","src/outputStyles/loadOutputStylesDir.ts","unclassified_support","memory_context","V20-OGR-13-other-source-owner-review","M","owner-review-required","map_to_named_dsxu_owner_for_absorption_review"
"review_candidate","projectOnboardingState.ts","src/projectOnboardingState.ts","unclassified_support","memory_context","V20-OGR-13-other-source-owner-review","M","owner-review-required","map_to_named_dsxu_owner_for_absorption_review"
"review_candidate","query/deps.ts","src/query/deps.ts","unclassified_support","coding_workflow","V20-OGR-13-other-source-owner-review","M","owner-review-required","map_to_named_dsxu_owner_for_absorption_review"
"review_candidate","replLauncher.tsx","src/replLauncher.tsx","unclassified_support","coding_workflow","V20-OGR-08-cli-command-transport","not-in-current-git-status","c2-owner-review-only","map_to_named_dsxu_owner_for_absorption_review"
"review_candidate","services/analytics/index.ts","src/services/analytics/index.ts","unclassified_support","coding_workflow","V20-OGR-06-ui-tui-visible-state","not-in-current-git-status","c2-owner-review-only","adapt_or_exclude_product_specific_after_owner_review"
"review_candidate","services/api/adminRequests.ts","src/services/api/adminRequests.ts","unclassified_support","coding_workflow","V20-OGR-07-provider-migration-model-cost","M","high-risk-owner-review-required","map_to_named_dsxu_owner_for_absorption_review"
"review_candidate","services/api/emptyUsage.ts","src/services/api/emptyUsage.ts","unclassified_support","coding_workflow","V20-OGR-07-provider-migration-model-cost","M","high-risk-owner-review-required","map_to_named_dsxu_owner_for_absorption_review"
"review_candidate","services/api/sessionIngress.ts","src/services/api/sessionIngress.ts","unclassified_support","coding_workflow","V20-OGR-07-provider-migration-model-cost","M","high-risk-owner-review-required","map_to_named_dsxu_owner_for_absorption_review"
"review_candidate","services/autoDream/consolidationLock.ts","src/services/autoDream/consolidationLock.ts","unclassified_support","coding_workflow","V20-OGR-12-shared-platform-utilities","M","owner-review-required","adapt_or_exclude_product_specific_after_owner_review"
"review_candidate","services/autoDream/consolidationPrompt.ts","src/services/autoDream/consolidationPrompt.ts","unclassified_support","coding_workflow","V20-OGR-12-shared-platform-utilities","M","owner-review-required","adapt_or_exclude_product_specific_after_owner_review"
"review_candidate","services/extractMemories/prompts.ts","src/services/extractMemories/prompts.ts","unclassified_support","coding_workflow","V20-OGR-12-shared-platform-utilities","M","owner-review-required","map_to_named_dsxu_owner_for_absorption_review"
"review_candidate","services/internalLogging.ts","src/services/internalLogging.ts","unclassified_support","coding_workflow","V20-OGR-12-shared-platform-utilities","M","owner-review-required","map_to_named_dsxu_owner_for_absorption_review"
"review_candidate","services/MagicDocs/magicDocs.ts","src/services/MagicDocs/magicDocs.ts","unclassified_support","coding_workflow","V20-OGR-12-shared-platform-utilities","M","owner-review-required","adapt_or_exclude_product_specific_after_owner_review"
"review_candidate","services/MagicDocs/prompts.ts","src/services/MagicDocs/prompts.ts","unclassified_support","coding_workflow","V20-OGR-12-shared-platform-utilities","M","owner-review-required","adapt_or_exclude_product_specific_after_owner_review"
"review_candidate","services/notifier.ts","src/services/notifier.ts","unclassified_support","coding_workflow","V20-OGR-12-shared-platform-utilities","M","owner-review-required","map_to_named_dsxu_owner_for_absorption_review"
"review_absorb_as_shared_utility_only_if_imported","services/policyLimits/types.ts","src/services/policyLimits/types.ts","support_util","permission_safety","V20-OGR-12-shared-platform-utilities","M","owner-review-required","retain_only_if_dsxu_mainline_imported_else_replace_delete_candidate"
"review_candidate","services/preventSleep.ts","src/services/preventSleep.ts","unclassified_support","coding_workflow","V20-OGR-06-ui-tui-visible-state","not-in-current-git-status","c2-owner-review-only","map_to_named_dsxu_owner_for_absorption_review"
"review_candidate","services/PromptSuggestion/speculation.ts","src/services/PromptSuggestion/speculation.ts","unclassified_support","coding_workflow","V20-OGR-12-shared-platform-utilities","M","owner-review-required","map_to_named_dsxu_owner_for_absorption_review"
"review_candidate","services/teamMemorySync/teamMemSecretGuard.ts","src/services/teamMemorySync/teamMemSecretGuard.ts","unclassified_support","coding_workflow","V20-OGR-05-agent-task-lifecycle","M","high-risk-owner-review-required","map_to_named_dsxu_owner_for_absorption_review"
"review_candidate","services/teamMemorySync/watcher.ts","src/services/teamMemorySync/watcher.ts","unclassified_support","coding_workflow","V20-OGR-05-agent-task-lifecycle","M","high-risk-owner-review-required","map_to_named_dsxu_owner_for_absorption_review"
"review_candidate","services/tips/tipScheduler.ts","src/services/tips/tipScheduler.ts","unclassified_support","memory_context","V20-OGR-12-shared-platform-utilities","M","owner-review-required","adapt_or_exclude_product_specific_after_owner_review"
"review_candidate","services/toolUseSummary/toolUseSummaryGenerator.ts","src/services/toolUseSummary/toolUseSummaryGenerator.ts","unclassified_support","coding_workflow","V20-OGR-12-shared-platform-utilities","M","owner-review-required","map_to_named_dsxu_owner_for_absorption_review"
"review_candidate","state/AppState.tsx","src/state/AppState.tsx","unclassified_support","coding_workflow","V20-OGR-13-other-source-owner-review","M","owner-review-required","map_to_named_dsxu_owner_for_absorption_review"
"review_candidate","state/selectors.ts","src/state/selectors.ts","unclassified_support","coding_workflow","V20-OGR-13-other-source-owner-review","M","owner-review-required","map_to_named_dsxu_owner_for_absorption_review"
"review_candidate","state/store.ts","src/state/store.ts","unclassified_support","coding_workflow","V20-OGR-13-other-source-owner-review","M","owner-review-required","map_to_named_dsxu_owner_for_absorption_review"
"review_candidate","Task.ts","src/Task.ts","unclassified_support","coding_workflow","V20-OGR-05-agent-task-lifecycle","M","high-risk-owner-review-required","map_to_named_dsxu_owner_for_absorption_review"
"review_candidate","tasks.ts","src/tasks.ts","unclassified_support","tool_runtime","V20-OGR-05-agent-task-lifecycle","M","high-risk-owner-review-required","map_to_named_dsxu_owner_for_absorption_review"
"review_candidate","tasks/DreamTask/DreamTask.ts","src/tasks/DreamTask/DreamTask.ts","unclassified_support","coding_workflow","V20-OGR-05-agent-task-lifecycle","M","high-risk-owner-review-required","map_to_named_dsxu_owner_for_absorption_review"
"review_candidate","tasks/LocalMainSessionTask.ts","src/tasks/LocalMainSessionTask.ts","unclassified_support","coding_workflow","V20-OGR-05-agent-task-lifecycle","M","high-risk-owner-review-required","map_to_named_dsxu_owner_for_absorption_review"
"review_candidate","tasks/LocalShellTask/guards.ts","src/tasks/LocalShellTask/guards.ts","unclassified_support","coding_workflow","V20-OGR-05-agent-task-lifecycle","M","high-risk-owner-review-required","map_to_named_dsxu_owner_for_absorption_review"
"review_candidate","tasks/LocalShellTask/killShellTasks.ts","src/tasks/LocalShellTask/killShellTasks.ts","unclassified_support","coding_workflow","V20-OGR-05-agent-task-lifecycle","M","high-risk-owner-review-required","map_to_named_dsxu_owner_for_absorption_review"
"review_candidate","tasks/LocalShellTask/LocalShellTask.tsx","src/tasks/LocalShellTask/LocalShellTask.tsx","unclassified_support","coding_workflow","V20-OGR-05-agent-task-lifecycle","M","high-risk-owner-review-required","map_to_named_dsxu_owner_for_absorption_review"
"review_candidate","tasks/pillLabel.ts","src/tasks/pillLabel.ts","unclassified_support","coding_workflow","V20-OGR-05-agent-task-lifecycle","M","high-risk-owner-review-required","map_to_named_dsxu_owner_for_absorption_review"
"review_candidate","tasks/stopTask.ts","src/tasks/stopTask.ts","unclassified_support","coding_workflow","V20-OGR-05-agent-task-lifecycle","M","high-risk-owner-review-required","map_to_named_dsxu_owner_for_absorption_review"
"review_absorb_as_shared_utility_only_if_imported","tasks/types.ts","src/tasks/types.ts","support_util","coding_workflow","V20-OGR-06-ui-tui-visible-state","not-in-current-git-status","c2-owner-review-only","retain_only_if_dsxu_mainline_imported_else_replace_delete_candidate"
"review_absorb_as_shared_utility_only_if_imported","types/generated/events_mono/claude_code/v1/claude_code_internal_event.ts","src/types/generated/events_mono/claude_code/v1/claude_code_internal_event.ts","support_util","coding_workflow","V20-OGR-06-ui-tui-visible-state","not-in-current-git-status","c2-owner-review-only","retain_only_if_dsxu_mainline_imported_else_replace_delete_candidate"
"review_absorb_as_shared_utility_only_if_imported","types/generated/events_mono/common/v1/auth.ts","src/types/generated/events_mono/common/v1/auth.ts","support_util","coding_workflow","V20-OGR-07-provider-migration-model-cost","M","high-risk-owner-review-required","retain_only_if_dsxu_mainline_imported_else_replace_delete_candidate"
"review_absorb_as_shared_utility_only_if_imported","types/generated/google/protobuf/timestamp.ts","src/types/generated/google/protobuf/timestamp.ts","support_util","coding_workflow","V20-OGR-13-other-source-owner-review","M","owner-review-required","retain_only_if_dsxu_mainline_imported_else_replace_delete_candidate"
"review_absorb_as_shared_utility_only_if_imported","types/ids.ts","src/types/ids.ts","support_util","coding_workflow","V20-OGR-13-other-source-owner-review","M","owner-review-required","retain_only_if_dsxu_mainline_imported_else_replace_delete_candidate"
"review_absorb_as_shared_utility_only_if_imported","types/logs.ts","src/types/logs.ts","support_util","coding_workflow","V20-OGR-13-other-source-owner-review","M","owner-review-required","retain_only_if_dsxu_mainline_imported_else_replace_delete_candidate"
"review_absorb_as_shared_utility_only_if_imported","types/plugin.ts","src/types/plugin.ts","support_util","coding_workflow","V20-OGR-04-mcp-skill-plugin-registry","M","high-risk-owner-review-required","retain_only_if_dsxu_mainline_imported_else_replace_delete_candidate"
"review_candidate","upstreamproxy/relay.ts","src/upstreamproxy/relay.ts","unclassified_support","coding_workflow","V20-OGR-08-cli-command-transport","not-in-current-git-status","c2-owner-review-only","adapt_or_exclude_product_specific_after_owner_review"
"review_absorb_as_shared_utility_only_if_imported","utils/abortController.ts","src/utils/abortController.ts","support_util","coding_workflow","V20-OGR-03-tool-permission-lifecycle","not-in-current-git-status","c2-owner-review-only","retain_only_if_dsxu_mainline_imported_else_replace_delete_candidate"
"review_absorb_as_shared_utility_only_if_imported","utils/activityManager.ts","src/utils/activityManager.ts","support_util","coding_workflow","V20-OGR-06-ui-tui-visible-state","not-in-current-git-status","c2-owner-review-only","retain_only_if_dsxu_mainline_imported_else_replace_delete_candidate"
"review_absorb_as_shared_utility_only_if_imported","utils/ansiToPng.ts","src/utils/ansiToPng.ts","support_util","memory_context","V20-OGR-06-ui-tui-visible-state","not-in-current-git-status","c2-owner-review-only","retain_only_if_dsxu_mainline_imported_else_replace_delete_candidate"
"review_absorb_as_shared_utility_only_if_imported","utils/ansiToSvg.ts","src/utils/ansiToSvg.ts","support_util","coding_workflow","V20-OGR-06-ui-tui-visible-state","not-in-current-git-status","c2-owner-review-only","retain_only_if_dsxu_mainline_imported_else_replace_delete_candidate"
"review_absorb_as_shared_utility_only_if_imported","utils/appleTerminalBackup.ts","src/utils/appleTerminalBackup.ts","support_util","coding_workflow","V20-OGR-06-ui-tui-visible-state","not-in-current-git-status","c2-owner-review-only","retain_only_if_dsxu_mainline_imported_else_replace_delete_candidate"
"review_absorb_as_shared_utility_only_if_imported","utils/argumentSubstitution.ts","src/utils/argumentSubstitution.ts","support_util","coding_workflow","V20-OGR-06-ui-tui-visible-state","not-in-current-git-status","c2-owner-review-only","retain_only_if_dsxu_mainline_imported_else_replace_delete_candidate"
"review_absorb_as_shared_utility_only_if_imported","utils/array.ts","src/utils/array.ts","support_util","coding_workflow","V20-OGR-03-tool-permission-lifecycle","not-in-current-git-status","c2-owner-review-only","retain_only_if_dsxu_mainline_imported_else_replace_delete_candidate"
"review_absorb_as_shared_utility_only_if_imported","utils/asciicast.ts","src/utils/asciicast.ts","support_util","coding_workflow","V20-OGR-12-shared-platform-utilities","M","owner-review-required","retain_only_if_dsxu_mainline_imported_else_replace_delete_candidate"
"review_absorb_as_shared_utility_only_if_imported","utils/authFileDescriptor.ts","src/utils/authFileDescriptor.ts","support_util","coding_workflow","V20-OGR-07-provider-migration-model-cost","M","high-risk-owner-review-required","retain_only_if_dsxu_mainline_imported_else_replace_delete_candidate"
"review_absorb_as_shared_utility_only_if_imported","utils/authPortable.ts","src/utils/authPortable.ts","support_util","permission_safety","V20-OGR-07-provider-migration-model-cost","not-in-current-git-status","c2-owner-review-only","retain_only_if_dsxu_mainline_imported_else_replace_delete_candidate"
"review_absorb_as_shared_utility_only_if_imported","utils/autoModeDenials.ts","src/utils/autoModeDenials.ts","support_util","coding_workflow","V20-OGR-06-ui-tui-visible-state","not-in-current-git-status","c2-owner-review-only","retain_only_if_dsxu_mainline_imported_else_replace_delete_candidate"
"review_absorb_as_shared_utility_only_if_imported","utils/autoRunIssue.tsx","src/utils/autoRunIssue.tsx","support_util","coding_workflow","V20-OGR-12-shared-platform-utilities","M","owner-review-required","retain_only_if_dsxu_mainline_imported_else_replace_delete_candidate"
"review_absorb_as_shared_utility_only_if_imported","utils/bash/bashParser.ts","src/utils/bash/bashParser.ts","support_util","coding_workflow","V20-OGR-12-shared-platform-utilities","M","owner-review-required","retain_only_if_dsxu_mainline_imported_else_replace_delete_candidate"
"review_absorb_as_shared_utility_only_if_imported","utils/bash/bashPipeCommand.ts","src/utils/bash/bashPipeCommand.ts","support_util","coding_workflow","V20-OGR-06-ui-tui-visible-state","not-in-current-git-status","c2-owner-review-only","retain_only_if_dsxu_mainline_imported_else_replace_delete_candidate"
"review_absorb_as_shared_utility_only_if_imported","utils/bash/heredoc.ts","src/utils/bash/heredoc.ts","support_util","coding_workflow","V20-OGR-12-shared-platform-utilities","M","owner-review-required","retain_only_if_dsxu_mainline_imported_else_replace_delete_candidate"
"review_absorb_as_shared_utility_only_if_imported","utils/bash/ParsedCommand.ts","src/utils/bash/ParsedCommand.ts","support_util","coding_workflow","V20-OGR-12-shared-platform-utilities","M","owner-review-required","retain_only_if_dsxu_mainline_imported_else_replace_delete_candidate"
"review_absorb_as_shared_utility_only_if_imported","utils/bash/parser.ts","src/utils/bash/parser.ts","support_util","coding_workflow","V20-OGR-12-shared-platform-utilities","M","owner-review-required","retain_only_if_dsxu_mainline_imported_else_replace_delete_candidate"
"review_absorb_as_shared_utility_only_if_imported","utils/bash/prefix.ts","src/utils/bash/prefix.ts","support_util","coding_workflow","V20-OGR-03-tool-permission-lifecycle","not-in-current-git-status","c2-owner-review-only","retain_only_if_dsxu_mainline_imported_else_replace_delete_candidate"
"review_absorb_as_shared_utility_only_if_imported","utils/bash/registry.ts","src/utils/bash/registry.ts","support_util","coding_workflow","V20-OGR-04-mcp-skill-plugin-registry","not-in-current-git-status","c2-owner-review-only","retain_only_if_dsxu_mainline_imported_else_replace_delete_candidate"
"review_absorb_as_shared_utility_only_if_imported","utils/bash/shellCompletion.ts","src/utils/bash/shellCompletion.ts","support_util","coding_workflow","V20-OGR-06-ui-tui-visible-state","not-in-current-git-status","c2-owner-review-only","retain_only_if_dsxu_mainline_imported_else_replace_delete_candidate"
"review_absorb_as_shared_utility_only_if_imported","utils/bash/shellPrefix.ts","src/utils/bash/shellPrefix.ts","support_util","coding_workflow","V20-OGR-06-ui-tui-visible-state","not-in-current-git-status","c2-owner-review-only","retain_only_if_dsxu_mainline_imported_else_replace_delete_candidate"
"review_absorb_as_shared_utility_only_if_imported","utils/bash/shellQuote.ts","src/utils/bash/shellQuote.ts","support_util","coding_workflow","V20-OGR-06-ui-tui-visible-state","not-in-current-git-status","c2-owner-review-only","retain_only_if_dsxu_mainline_imported_else_replace_delete_candidate"
"review_absorb_as_shared_utility_only_if_imported","utils/bash/ShellSnapshot.ts","src/utils/bash/ShellSnapshot.ts","support_util","coding_workflow","V20-OGR-12-shared-platform-utilities","M","owner-review-required","retain_only_if_dsxu_mainline_imported_else_replace_delete_candidate"
"review_absorb_as_shared_utility_only_if_imported","utils/bash/specs/alias.ts","src/utils/bash/specs/alias.ts","support_util","coding_workflow","V20-OGR-04-mcp-skill-plugin-registry","not-in-current-git-status","c2-owner-review-only","retain_only_if_dsxu_mainline_imported_else_replace_delete_candidate"
"review_absorb_as_shared_utility_only_if_imported","utils/bash/specs/index.ts","src/utils/bash/specs/index.ts","support_util","coding_workflow","V20-OGR-04-mcp-skill-plugin-registry","not-in-current-git-status","c2-owner-review-only","retain_only_if_dsxu_mainline_imported_else_replace_delete_candidate"
"review_absorb_as_shared_utility_only_if_imported","utils/bash/specs/nohup.ts","src/utils/bash/specs/nohup.ts","support_util","coding_workflow","V20-OGR-04-mcp-skill-plugin-registry","not-in-current-git-status","c2-owner-review-only","retain_only_if_dsxu_mainline_imported_else_replace_delete_candidate"
"review_absorb_as_shared_utility_only_if_imported","utils/bash/specs/pyright.ts","src/utils/bash/specs/pyright.ts","support_util","coding_workflow","V20-OGR-06-ui-tui-visible-state","not-in-current-git-status","c2-owner-review-only","retain_only_if_dsxu_mainline_imported_else_replace_delete_candidate"
"review_absorb_as_shared_utility_only_if_imported","utils/bash/specs/sleep.ts","src/utils/bash/specs/sleep.ts","support_util","coding_workflow","V20-OGR-04-mcp-skill-plugin-registry","not-in-current-git-status","c2-owner-review-only","retain_only_if_dsxu_mainline_imported_else_replace_delete_candidate"
"review_absorb_as_shared_utility_only_if_imported","utils/bash/specs/srun.ts","src/utils/bash/specs/srun.ts","support_util","coding_workflow","V20-OGR-04-mcp-skill-plugin-registry","not-in-current-git-status","c2-owner-review-only","retain_only_if_dsxu_mainline_imported_else_replace_delete_candidate"
"review_absorb_as_shared_utility_only_if_imported","utils/bash/specs/time.ts","src/utils/bash/specs/time.ts","support_util","coding_workflow","V20-OGR-04-mcp-skill-plugin-registry","not-in-current-git-status","c2-owner-review-only","retain_only_if_dsxu_mainline_imported_else_replace_delete_candidate"
"review_absorb_as_shared_utility_only_if_imported","utils/bash/specs/timeout.ts","src/utils/bash/specs/timeout.ts","support_util","coding_workflow","V20-OGR-04-mcp-skill-plugin-registry","not-in-current-git-status","c2-owner-review-only","retain_only_if_dsxu_mainline_imported_else_replace_delete_candidate"
"review_absorb_as_shared_utility_only_if_imported","utils/bash/treeSitterAnalysis.ts","src/utils/bash/treeSitterAnalysis.ts","support_util","coding_workflow","V20-OGR-12-shared-platform-utilities","M","owner-review-required","retain_only_if_dsxu_mainline_imported_else_replace_delete_candidate"
"review_absorb_as_shared_utility_only_if_imported","utils/binaryCheck.ts","src/utils/binaryCheck.ts","support_util","coding_workflow","V20-OGR-07-provider-migration-model-cost","not-in-current-git-status","c2-owner-review-only","retain_only_if_dsxu_mainline_imported_else_replace_delete_candidate"
"review_absorb_as_shared_utility_only_if_imported","utils/browser.ts","src/utils/browser.ts","support_util","permission_safety","V20-OGR-03-tool-permission-lifecycle","not-in-current-git-status","c2-owner-review-only","retain_only_if_dsxu_mainline_imported_else_replace_delete_candidate"
"review_absorb_as_shared_utility_only_if_imported","utils/bufferedWriter.ts","src/utils/bufferedWriter.ts","support_util","coding_workflow","V20-OGR-06-ui-tui-visible-state","not-in-current-git-status","c2-owner-review-only","retain_only_if_dsxu_mainline_imported_else_replace_delete_candidate"
"review_absorb_as_shared_utility_only_if_imported","utils/bundledMode.ts","src/utils/bundledMode.ts","support_util","support_util","V20-OGR-13-other-source-owner-review","not-in-current-git-status","c2-owner-review-only","retain_only_if_dsxu_mainline_imported_else_replace_delete_candidate"
"review_absorb_as_shared_utility_only_if_imported","utils/caCerts.ts","src/utils/caCerts.ts","support_util","coding_workflow","V20-OGR-06-ui-tui-visible-state","not-in-current-git-status","c2-owner-review-only","retain_only_if_dsxu_mainline_imported_else_replace_delete_candidate"
"review_absorb_as_shared_utility_only_if_imported","utils/caCertsConfig.ts","src/utils/caCertsConfig.ts","support_util","coding_workflow","V20-OGR-06-ui-tui-visible-state","not-in-current-git-status","c2-owner-review-only","retain_only_if_dsxu_mainline_imported_else_replace_delete_candidate"
"review_absorb_as_shared_utility_only_if_imported","utils/cachePaths.ts","src/utils/cachePaths.ts","support_util","memory_context","V20-OGR-06-ui-tui-visible-state","not-in-current-git-status","c2-owner-review-only","retain_only_if_dsxu_mainline_imported_else_replace_delete_candidate"
"review_absorb_as_shared_utility_only_if_imported","utils/CircularBuffer.ts","src/utils/CircularBuffer.ts","support_util","support_util","V20-OGR-13-other-source-owner-review","not-in-current-git-status","c2-owner-review-only","retain_only_if_dsxu_mainline_imported_else_replace_delete_candidate"
"review_absorb_as_shared_utility_only_if_imported","utils/classifierApprovals.ts","src/utils/classifierApprovals.ts","support_util","coding_workflow","V20-OGR-06-ui-tui-visible-state","not-in-current-git-status","c2-owner-review-only","retain_only_if_dsxu_mainline_imported_else_replace_delete_candidate"
"review_absorb_as_shared_utility_only_if_imported","utils/classifierApprovalsHook.ts","src/utils/classifierApprovalsHook.ts","support_util","permission_safety","V20-OGR-03-tool-permission-lifecycle","not-in-current-git-status","c2-owner-review-only","retain_only_if_dsxu_mainline_imported_else_replace_delete_candidate"
"review_absorb_as_shared_utility_only_if_imported","utils/claudeCodeHints.ts","src/utils/claudeCodeHints.ts","support_util","coding_workflow","V20-OGR-06-ui-tui-visible-state","not-in-current-git-status","c2-owner-review-only","retain_only_if_dsxu_mainline_imported_else_replace_delete_candidate"
"review_absorb_as_shared_utility_only_if_imported","utils/claudeDesktop.ts","src/utils/claudeDesktop.ts","support_util","coding_workflow","V20-OGR-07-provider-migration-model-cost","not-in-current-git-status","c2-owner-review-only","retain_only_if_dsxu_mainline_imported_else_replace_delete_candidate"
"review_absorb_as_shared_utility_only_if_imported","utils/cleanupRegistry.ts","src/utils/cleanupRegistry.ts","support_util","coding_workflow","V20-OGR-04-mcp-skill-plugin-registry","not-in-current-git-status","c2-owner-review-only","retain_only_if_dsxu_mainline_imported_else_replace_delete_candidate"
"review_absorb_as_shared_utility_only_if_imported","utils/cliArgs.ts","src/utils/cliArgs.ts","support_util","support_util","V20-OGR-13-other-source-owner-review","not-in-current-git-status","c2-owner-review-only","retain_only_if_dsxu_mainline_imported_else_replace_delete_candidate"
"review_absorb_as_shared_utility_only_if_imported","utils/cliHighlight.ts","src/utils/cliHighlight.ts","support_util","coding_workflow","V20-OGR-06-ui-tui-visible-state","not-in-current-git-status","c2-owner-review-only","retain_only_if_dsxu_mainline_imported_else_replace_delete_candidate"
"review_absorb_as_shared_utility_only_if_imported","utils/codeIndexing.ts","src/utils/codeIndexing.ts","support_util","coding_workflow","V20-OGR-06-ui-tui-visible-state","not-in-current-git-status","c2-owner-review-only","retain_only_if_dsxu_mainline_imported_else_replace_delete_candidate"
"review_absorb_as_shared_utility_only_if_imported","utils/collapseBackgroundBashNotifications.ts","src/utils/collapseBackgroundBashNotifications.ts","support_util","coding_workflow","V20-OGR-06-ui-tui-visible-state","not-in-current-git-status","c2-owner-review-only","retain_only_if_dsxu_mainline_imported_else_replace_delete_candidate"
"review_absorb_as_shared_utility_only_if_imported","utils/collapseReadSearch.ts","src/utils/collapseReadSearch.ts","support_util","coding_workflow","V20-OGR-12-shared-platform-utilities","M","owner-review-required","retain_only_if_dsxu_mainline_imported_else_replace_delete_candidate"
"review_absorb_as_shared_utility_only_if_imported","utils/combinedAbortSignal.ts","src/utils/combinedAbortSignal.ts","support_util","memory_context","V20-OGR-06-ui-tui-visible-state","not-in-current-git-status","c2-owner-review-only","retain_only_if_dsxu_mainline_imported_else_replace_delete_candidate"
"review_absorb_as_shared_utility_only_if_imported","utils/commandLifecycle.ts","src/utils/commandLifecycle.ts","support_util","support_util","V20-OGR-13-other-source-owner-review","not-in-current-git-status","c2-owner-review-only","retain_only_if_dsxu_mainline_imported_else_replace_delete_candidate"
"review_absorb_as_shared_utility_only_if_imported","utils/completionCache.ts","src/utils/completionCache.ts","support_util","coding_workflow","V20-OGR-06-ui-tui-visible-state","not-in-current-git-status","c2-owner-review-only","retain_only_if_dsxu_mainline_imported_else_replace_delete_candidate"
"review_absorb_as_shared_utility_only_if_imported","utils/computerUse/cleanup.ts","src/utils/computerUse/cleanup.ts","support_util","coding_workflow","V20-OGR-06-ui-tui-visible-state","not-in-current-git-status","c2-owner-review-only","retain_only_if_dsxu_mainline_imported_else_replace_delete_candidate"
"review_absorb_as_shared_utility_only_if_imported","utils/computerUse/computerUseLock.ts","src/utils/computerUse/computerUseLock.ts","support_util","coding_workflow","V20-OGR-12-shared-platform-utilities","M","owner-review-required","retain_only_if_dsxu_mainline_imported_else_replace_delete_candidate"
"review_absorb_as_shared_utility_only_if_imported","utils/computerUse/drainRunLoop.ts","src/utils/computerUse/drainRunLoop.ts","support_util","permission_safety","V20-OGR-06-ui-tui-visible-state","not-in-current-git-status","c2-owner-review-only","retain_only_if_dsxu_mainline_imported_else_replace_delete_candidate"
"review_absorb_as_shared_utility_only_if_imported","utils/computerUse/escHotkey.ts","src/utils/computerUse/escHotkey.ts","support_util","coding_workflow","V20-OGR-06-ui-tui-visible-state","not-in-current-git-status","c2-owner-review-only","retain_only_if_dsxu_mainline_imported_else_replace_delete_candidate"
"review_absorb_as_shared_utility_only_if_imported","utils/computerUse/executor.ts","src/utils/computerUse/executor.ts","support_util","coding_workflow","V20-OGR-12-shared-platform-utilities","M","owner-review-required","retain_only_if_dsxu_mainline_imported_else_replace_delete_candidate"
"review_absorb_as_shared_utility_only_if_imported","utils/computerUse/hostAdapter.ts","src/utils/computerUse/hostAdapter.ts","support_util","permission_safety","V20-OGR-06-ui-tui-visible-state","not-in-current-git-status","c2-owner-review-only","retain_only_if_dsxu_mainline_imported_else_replace_delete_candidate"
"review_absorb_as_shared_utility_only_if_imported","utils/computerUse/inputLoader.ts","src/utils/computerUse/inputLoader.ts","support_util","coding_workflow","V20-OGR-06-ui-tui-visible-state","not-in-current-git-status","c2-owner-review-only","retain_only_if_dsxu_mainline_imported_else_replace_delete_candidate"
"review_absorb_as_shared_utility_only_if_imported","utils/computerUse/swiftLoader.ts","src/utils/computerUse/swiftLoader.ts","support_util","coding_workflow","V20-OGR-07-provider-migration-model-cost","not-in-current-git-status","c2-owner-review-only","retain_only_if_dsxu_mainline_imported_else_replace_delete_candidate"
"review_absorb_as_shared_utility_only_if_imported","utils/configConstants.ts","src/utils/configConstants.ts","support_util","coding_workflow","V20-OGR-06-ui-tui-visible-state","not-in-current-git-status","c2-owner-review-only","retain_only_if_dsxu_mainline_imported_else_replace_delete_candidate"
"review_absorb_as_shared_utility_only_if_imported","utils/contentArray.ts","src/utils/contentArray.ts","support_util","coding_workflow","V20-OGR-06-ui-tui-visible-state","not-in-current-git-status","c2-owner-review-only","retain_only_if_dsxu_mainline_imported_else_replace_delete_candidate"
"review_absorb_as_shared_utility_only_if_imported","utils/conversationRecovery.ts","src/utils/conversationRecovery.ts","support_util","coding_workflow","V20-OGR-12-shared-platform-utilities","M","owner-review-required","retain_only_if_dsxu_mainline_imported_else_replace_delete_candidate"
"review_absorb_as_shared_utility_only_if_imported","utils/cron.ts","src/utils/cron.ts","support_util","coding_workflow","V20-OGR-12-shared-platform-utilities","M","owner-review-required","retain_only_if_dsxu_mainline_imported_else_replace_delete_candidate"
"review_absorb_as_shared_utility_only_if_imported","utils/cronTasksLock.ts","src/utils/cronTasksLock.ts","support_util","coding_workflow","V20-OGR-05-agent-task-lifecycle","M","high-risk-owner-review-required","retain_only_if_dsxu_mainline_imported_else_replace_delete_candidate"
"review_absorb_as_shared_utility_only_if_imported","utils/crossProjectResume.ts","src/utils/crossProjectResume.ts","support_util","coding_workflow","V20-OGR-12-shared-platform-utilities","M","owner-review-required","retain_only_if_dsxu_mainline_imported_else_replace_delete_candidate"
"review_absorb_as_shared_utility_only_if_imported","utils/crypto.ts","src/utils/crypto.ts","support_util","coding_workflow","V20-OGR-06-ui-tui-visible-state","not-in-current-git-status","c2-owner-review-only","retain_only_if_dsxu_mainline_imported_else_replace_delete_candidate"
"review_absorb_as_shared_utility_only_if_imported","utils/Cursor.ts","src/utils/Cursor.ts","support_util","coding_workflow","V20-OGR-12-shared-platform-utilities","M","owner-review-required","retain_only_if_dsxu_mainline_imported_else_replace_delete_candidate"
"review_absorb_as_shared_utility_only_if_imported","utils/cwd.ts","src/utils/cwd.ts","support_util","coding_workflow","V20-OGR-12-shared-platform-utilities","M","owner-review-required","retain_only_if_dsxu_mainline_imported_else_replace_delete_candidate"
"review_absorb_as_shared_utility_only_if_imported","utils/debug.ts","src/utils/debug.ts","support_util","coding_workflow","V20-OGR-12-shared-platform-utilities","M","owner-review-required","retain_only_if_dsxu_mainline_imported_else_replace_delete_candidate"
"review_absorb_as_shared_utility_only_if_imported","utils/debugFilter.ts","src/utils/debugFilter.ts","support_util","coding_workflow","V20-OGR-12-shared-platform-utilities","M","owner-review-required","retain_only_if_dsxu_mainline_imported_else_replace_delete_candidate"
"review_absorb_as_shared_utility_only_if_imported","utils/detectRepository.ts","src/utils/detectRepository.ts","support_util","coding_workflow","V20-OGR-12-shared-platform-utilities","M","owner-review-required","retain_only_if_dsxu_mainline_imported_else_replace_delete_candidate"
"review_absorb_as_shared_utility_only_if_imported","utils/diagLogs.ts","src/utils/diagLogs.ts","support_util","coding_workflow","V20-OGR-12-shared-platform-utilities","M","owner-review-required","retain_only_if_dsxu_mainline_imported_else_replace_delete_candidate"
"review_absorb_as_shared_utility_only_if_imported","utils/displayTags.ts","src/utils/displayTags.ts","support_util","permission_safety","V20-OGR-06-ui-tui-visible-state","not-in-current-git-status","c2-owner-review-only","retain_only_if_dsxu_mainline_imported_else_replace_delete_candidate"
"review_absorb_as_shared_utility_only_if_imported","utils/dxt/zip.ts","src/utils/dxt/zip.ts","support_util","coding_workflow","V20-OGR-06-ui-tui-visible-state","not-in-current-git-status","c2-owner-review-only","retain_only_if_dsxu_mainline_imported_else_replace_delete_candidate"
"review_absorb_as_shared_utility_only_if_imported","utils/earlyInput.ts","src/utils/earlyInput.ts","support_util","coding_workflow","V20-OGR-06-ui-tui-visible-state","not-in-current-git-status","c2-owner-review-only","retain_only_if_dsxu_mainline_imported_else_replace_delete_candidate"
"review_absorb_as_shared_utility_only_if_imported","utils/editor.ts","src/utils/editor.ts","support_util","coding_workflow","V20-OGR-06-ui-tui-visible-state","not-in-current-git-status","c2-owner-review-only","retain_only_if_dsxu_mainline_imported_else_replace_delete_candidate"
"review_absorb_as_shared_utility_only_if_imported","utils/embeddedTools.ts","src/utils/embeddedTools.ts","support_util","coding_workflow","V20-OGR-12-shared-platform-utilities","M","owner-review-required","retain_only_if_dsxu_mainline_imported_else_replace_delete_candidate"
"review_absorb_as_shared_utility_only_if_imported","utils/envDynamic.ts","src/utils/envDynamic.ts","support_util","coding_workflow","V20-OGR-12-shared-platform-utilities","M","owner-review-required","retain_only_if_dsxu_mainline_imported_else_replace_delete_candidate"
"review_absorb_as_shared_utility_only_if_imported","utils/envValidation.ts","src/utils/envValidation.ts","support_util","coding_workflow","V20-OGR-06-ui-tui-visible-state","not-in-current-git-status","c2-owner-review-only","retain_only_if_dsxu_mainline_imported_else_replace_delete_candidate"
"review_absorb_as_shared_utility_only_if_imported","utils/execFileNoThrow.ts","src/utils/execFileNoThrow.ts","support_util","coding_workflow","V20-OGR-06-ui-tui-visible-state","not-in-current-git-status","c2-owner-review-only","retain_only_if_dsxu_mainline_imported_else_replace_delete_candidate"
"review_absorb_as_shared_utility_only_if_imported","utils/execFileNoThrowPortable.ts","src/utils/execFileNoThrowPortable.ts","support_util","permission_safety","V20-OGR-06-ui-tui-visible-state","not-in-current-git-status","c2-owner-review-only","retain_only_if_dsxu_mainline_imported_else_replace_delete_candidate"
"review_absorb_as_shared_utility_only_if_imported","utils/execSyncWrapper.ts","src/utils/execSyncWrapper.ts","support_util","coding_workflow","V20-OGR-06-ui-tui-visible-state","not-in-current-git-status","c2-owner-review-only","retain_only_if_dsxu_mainline_imported_else_replace_delete_candidate"
"review_absorb_as_shared_utility_only_if_imported","utils/exportRenderer.tsx","src/utils/exportRenderer.tsx","support_util","coding_workflow","V20-OGR-12-shared-platform-utilities","M","owner-review-required","retain_only_if_dsxu_mainline_imported_else_replace_delete_candidate"
"review_absorb_as_shared_utility_only_if_imported","utils/fileOperationAnalytics.ts","src/utils/fileOperationAnalytics.ts","support_util","coding_workflow","V20-OGR-13-other-source-owner-review","not-in-current-git-status","c2-owner-review-only","retain_only_if_dsxu_mainline_imported_else_replace_delete_candidate"
"review_absorb_as_shared_utility_only_if_imported","utils/filePersistence/filePersistence.ts","src/utils/filePersistence/filePersistence.ts","support_util","coding_workflow","V20-OGR-12-shared-platform-utilities","M","owner-review-required","retain_only_if_dsxu_mainline_imported_else_replace_delete_candidate"
"review_absorb_as_shared_utility_only_if_imported","utils/fileRead.ts","src/utils/fileRead.ts","support_util","coding_workflow","V20-OGR-06-ui-tui-visible-state","not-in-current-git-status","c2-owner-review-only","retain_only_if_dsxu_mainline_imported_else_replace_delete_candidate"
"review_absorb_as_shared_utility_only_if_imported","utils/fileReadCache.ts","src/utils/fileReadCache.ts","support_util","coding_workflow","V20-OGR-07-provider-migration-model-cost","not-in-current-git-status","c2-owner-review-only","retain_only_if_dsxu_mainline_imported_else_replace_delete_candidate"
"review_absorb_as_shared_utility_only_if_imported","utils/fileStateCache.ts","src/utils/fileStateCache.ts","support_util","coding_workflow","V20-OGR-06-ui-tui-visible-state","not-in-current-git-status","c2-owner-review-only","retain_only_if_dsxu_mainline_imported_else_replace_delete_candidate"
"review_absorb_as_shared_utility_only_if_imported","utils/findExecutable.ts","src/utils/findExecutable.ts","support_util","coding_workflow","V20-OGR-06-ui-tui-visible-state","not-in-current-git-status","c2-owner-review-only","retain_only_if_dsxu_mainline_imported_else_replace_delete_candidate"
"review_absorb_as_shared_utility_only_if_imported","utils/format.ts","src/utils/format.ts","support_util","coding_workflow","V20-OGR-06-ui-tui-visible-state","not-in-current-git-status","c2-owner-review-only","retain_only_if_dsxu_mainline_imported_else_replace_delete_candidate"
"review_absorb_as_shared_utility_only_if_imported","utils/formatBriefTimestamp.ts","src/utils/formatBriefTimestamp.ts","support_util","coding_workflow","V20-OGR-06-ui-tui-visible-state","not-in-current-git-status","c2-owner-review-only","retain_only_if_dsxu_mainline_imported_else_replace_delete_candidate"
"review_absorb_as_shared_utility_only_if_imported","utils/fpsTracker.ts","src/utils/fpsTracker.ts","support_util","telemetry_data","V20-OGR-06-ui-tui-visible-state","not-in-current-git-status","c2-owner-review-only","retain_only_if_dsxu_mainline_imported_else_replace_delete_candidate"
"review_absorb_as_shared_utility_only_if_imported","utils/frontmatterParser.ts","src/utils/frontmatterParser.ts","support_util","coding_workflow","V20-OGR-06-ui-tui-visible-state","not-in-current-git-status","c2-owner-review-only","retain_only_if_dsxu_mainline_imported_else_replace_delete_candidate"
"review_absorb_as_shared_utility_only_if_imported","utils/fullscreen.ts","src/utils/fullscreen.ts","support_util","coding_workflow","V20-OGR-12-shared-platform-utilities","M","owner-review-required","retain_only_if_dsxu_mainline_imported_else_replace_delete_candidate"
"review_absorb_as_shared_utility_only_if_imported","utils/generators.ts","src/utils/generators.ts","support_util","memory_context","V20-OGR-12-shared-platform-utilities","not-in-current-git-status","c2-owner-review-only","retain_only_if_dsxu_mainline_imported_else_replace_delete_candidate"
"review_absorb_as_shared_utility_only_if_imported","utils/genericProcessUtils.ts","src/utils/genericProcessUtils.ts","support_util","coding_workflow","V20-OGR-12-shared-platform-utilities","M","owner-review-required","retain_only_if_dsxu_mainline_imported_else_replace_delete_candidate"
"review_absorb_as_shared_utility_only_if_imported","utils/ghPrStatus.ts","src/utils/ghPrStatus.ts","support_util","coding_workflow","V20-OGR-06-ui-tui-visible-state","not-in-current-git-status","c2-owner-review-only","retain_only_if_dsxu_mainline_imported_else_replace_delete_candidate"
"review_absorb_as_shared_utility_only_if_imported","utils/glob.ts","src/utils/glob.ts","support_util","coding_workflow","V20-OGR-07-provider-migration-model-cost","not-in-current-git-status","c2-owner-review-only","retain_only_if_dsxu_mainline_imported_else_replace_delete_candidate"
"review_absorb_as_shared_utility_only_if_imported","utils/gracefulShutdown.ts","src/utils/gracefulShutdown.ts","support_util","coding_workflow","V20-OGR-12-shared-platform-utilities","M","owner-review-required","retain_only_if_dsxu_mainline_imported_else_replace_delete_candidate"
"review_absorb_as_shared_utility_only_if_imported","utils/handlePromptSubmit.ts","src/utils/handlePromptSubmit.ts","support_util","coding_workflow","V20-OGR-12-shared-platform-utilities","M","owner-review-required","retain_only_if_dsxu_mainline_imported_else_replace_delete_candidate"
"review_absorb_as_shared_utility_only_if_imported","utils/hash.ts","src/utils/hash.ts","support_util","coding_workflow","V20-OGR-07-provider-migration-model-cost","not-in-current-git-status","c2-owner-review-only","retain_only_if_dsxu_mainline_imported_else_replace_delete_candidate"
"review_absorb_as_shared_utility_only_if_imported","utils/headlessProfiler.ts","src/utils/headlessProfiler.ts","support_util","coding_workflow","V20-OGR-12-shared-platform-utilities","M","owner-review-required","retain_only_if_dsxu_mainline_imported_else_replace_delete_candidate"
"review_absorb_as_shared_utility_only_if_imported","utils/heapDumpService.ts","src/utils/heapDumpService.ts","support_util","coding_workflow","V20-OGR-12-shared-platform-utilities","M","owner-review-required","retain_only_if_dsxu_mainline_imported_else_replace_delete_candidate"
"review_absorb_as_shared_utility_only_if_imported","utils/heatmap.ts","src/utils/heatmap.ts","support_util","coding_workflow","V20-OGR-06-ui-tui-visible-state","not-in-current-git-status","c2-owner-review-only","retain_only_if_dsxu_mainline_imported_else_replace_delete_candidate"
"review_absorb_as_shared_utility_only_if_imported","utils/highlightMatch.tsx","src/utils/highlightMatch.tsx","support_util","coding_workflow","V20-OGR-06-ui-tui-visible-state","not-in-current-git-status","c2-owner-review-only","retain_only_if_dsxu_mainline_imported_else_replace_delete_candidate"
"review_absorb_as_shared_utility_only_if_imported","utils/horizontalScroll.ts","src/utils/horizontalScroll.ts","support_util","ui_interaction","V20-OGR-06-ui-tui-visible-state","not-in-current-git-status","c2-owner-review-only","retain_only_if_dsxu_mainline_imported_else_replace_delete_candidate"
"review_absorb_as_shared_utility_only_if_imported","utils/idePathConversion.ts","src/utils/idePathConversion.ts","support_util","coding_workflow","V20-OGR-07-provider-migration-model-cost","not-in-current-git-status","c2-owner-review-only","retain_only_if_dsxu_mainline_imported_else_replace_delete_candidate"
"review_absorb_as_shared_utility_only_if_imported","utils/idleTimeout.ts","src/utils/idleTimeout.ts","support_util","recovery_remote","V20-OGR-07-provider-migration-model-cost","not-in-current-git-status","c2-owner-review-only","retain_only_if_dsxu_mainline_imported_else_replace_delete_candidate"
"review_absorb_as_shared_utility_only_if_imported","utils/imageStore.ts","src/utils/imageStore.ts","support_util","coding_workflow","V20-OGR-07-provider-migration-model-cost","not-in-current-git-status","c2-owner-review-only","retain_only_if_dsxu_mainline_imported_else_replace_delete_candidate"
"review_absorb_as_shared_utility_only_if_imported","utils/imageValidation.ts","src/utils/imageValidation.ts","support_util","permission_safety","V20-OGR-06-ui-tui-visible-state","not-in-current-git-status","c2-owner-review-only","retain_only_if_dsxu_mainline_imported_else_replace_delete_candidate"
"review_absorb_as_shared_utility_only_if_imported","utils/intl.ts","src/utils/intl.ts","support_util","telemetry_data","V20-OGR-07-provider-migration-model-cost","not-in-current-git-status","c2-owner-review-only","retain_only_if_dsxu_mainline_imported_else_replace_delete_candidate"
"review_absorb_as_shared_utility_only_if_imported","utils/iTermBackup.ts","src/utils/iTermBackup.ts","support_util","coding_workflow","V20-OGR-06-ui-tui-visible-state","not-in-current-git-status","c2-owner-review-only","retain_only_if_dsxu_mainline_imported_else_replace_delete_candidate"
"review_absorb_as_shared_utility_only_if_imported","utils/jetbrains.ts","src/utils/jetbrains.ts","support_util","coding_workflow","V20-OGR-12-shared-platform-utilities","M","owner-review-required","retain_only_if_dsxu_mainline_imported_else_replace_delete_candidate"
"review_absorb_as_shared_utility_only_if_imported","utils/json.ts","src/utils/json.ts","support_util","coding_workflow","V20-OGR-06-ui-tui-visible-state","not-in-current-git-status","c2-owner-review-only","retain_only_if_dsxu_mainline_imported_else_replace_delete_candidate"
"review_absorb_as_shared_utility_only_if_imported","utils/jsonRead.ts","src/utils/jsonRead.ts","support_util","coding_workflow","V20-OGR-07-provider-migration-model-cost","not-in-current-git-status","c2-owner-review-only","retain_only_if_dsxu_mainline_imported_else_replace_delete_candidate"
"review_absorb_as_shared_utility_only_if_imported","utils/keyboardShortcuts.ts","src/utils/keyboardShortcuts.ts","support_util","ui_interaction","V20-OGR-06-ui-tui-visible-state","not-in-current-git-status","c2-owner-review-only","retain_only_if_dsxu_mainline_imported_else_replace_delete_candidate"
"review_absorb_as_shared_utility_only_if_imported","utils/lazySchema.ts","src/utils/lazySchema.ts","support_util","provider_model","V20-OGR-07-provider-migration-model-cost","not-in-current-git-status","c2-owner-review-only","retain_only_if_dsxu_mainline_imported_else_replace_delete_candidate"
"review_absorb_as_shared_utility_only_if_imported","utils/listSessionsImpl.ts","src/utils/listSessionsImpl.ts","support_util","coding_workflow","V20-OGR-12-shared-platform-utilities","M","owner-review-required","retain_only_if_dsxu_mainline_imported_else_replace_delete_candidate"
"review_absorb_as_shared_utility_only_if_imported","utils/localInstaller.ts","src/utils/localInstaller.ts","support_util","coding_workflow","V20-OGR-12-shared-platform-utilities","M","owner-review-required","retain_only_if_dsxu_mainline_imported_else_replace_delete_candidate"
"review_absorb_as_shared_utility_only_if_imported","utils/lockfile.ts","src/utils/lockfile.ts","support_util","telemetry_data","V20-OGR-13-other-source-owner-review","not-in-current-git-status","c2-owner-review-only","retain_only_if_dsxu_mainline_imported_else_replace_delete_candidate"
"review_absorb_as_shared_utility_only_if_imported","utils/mailbox.ts","src/utils/mailbox.ts","support_util","tool_runtime","V20-OGR-06-ui-tui-visible-state","not-in-current-git-status","c2-owner-review-only","retain_only_if_dsxu_mainline_imported_else_replace_delete_candidate"
"review_absorb_as_shared_utility_only_if_imported","utils/markdown.ts","src/utils/markdown.ts","support_util","coding_workflow","V20-OGR-06-ui-tui-visible-state","not-in-current-git-status","c2-owner-review-only","retain_only_if_dsxu_mainline_imported_else_replace_delete_candidate"
"review_absorb_as_shared_utility_only_if_imported","utils/memory/types.ts","src/utils/memory/types.ts","support_util","memory_context","V20-OGR-12-shared-platform-utilities","not-in-current-git-status","c2-owner-review-only","retain_only_if_dsxu_mainline_imported_else_replace_delete_candidate"
"review_absorb_as_shared_utility_only_if_imported","utils/memory/versions.ts","src/utils/memory/versions.ts","support_util","coding_workflow","V20-OGR-06-ui-tui-visible-state","not-in-current-git-status","c2-owner-review-only","retain_only_if_dsxu_mainline_imported_else_replace_delete_candidate"
"review_absorb_as_shared_utility_only_if_imported","utils/memoryFileDetection.ts","src/utils/memoryFileDetection.ts","support_util","coding_workflow","V20-OGR-12-shared-platform-utilities","M","owner-review-required","retain_only_if_dsxu_mainline_imported_else_replace_delete_candidate"
"review_absorb_as_shared_utility_only_if_imported","utils/modifiers.ts","src/utils/modifiers.ts","support_util","recovery_remote","V20-OGR-07-provider-migration-model-cost","not-in-current-git-status","c2-owner-review-only","retain_only_if_dsxu_mainline_imported_else_replace_delete_candidate"
"review_absorb_as_shared_utility_only_if_imported","utils/mtls.ts","src/utils/mtls.ts","support_util","coding_workflow","V20-OGR-07-provider-migration-model-cost","not-in-current-git-status","c2-owner-review-only","retain_only_if_dsxu_mainline_imported_else_replace_delete_candidate"
"review_absorb_as_shared_utility_only_if_imported","utils/nativeInstaller/download.ts","src/utils/nativeInstaller/download.ts","support_util","coding_workflow","V20-OGR-12-shared-platform-utilities","M","owner-review-required","retain_only_if_dsxu_mainline_imported_else_replace_delete_candidate"
"review_absorb_as_shared_utility_only_if_imported","utils/nativeInstaller/index.ts","src/utils/nativeInstaller/index.ts","support_util","coding_workflow","V20-OGR-06-ui-tui-visible-state","not-in-current-git-status","c2-owner-review-only","retain_only_if_dsxu_mainline_imported_else_replace_delete_candidate"
"review_absorb_as_shared_utility_only_if_imported","utils/objectGroupBy.ts","src/utils/objectGroupBy.ts","support_util","ui_interaction","V20-OGR-06-ui-tui-visible-state","not-in-current-git-status","c2-owner-review-only","retain_only_if_dsxu_mainline_imported_else_replace_delete_candidate"
"review_absorb_as_shared_utility_only_if_imported","utils/pasteStore.ts","src/utils/pasteStore.ts","support_util","coding_workflow","V20-OGR-06-ui-tui-visible-state","not-in-current-git-status","c2-owner-review-only","retain_only_if_dsxu_mainline_imported_else_replace_delete_candidate"
"review_absorb_as_shared_utility_only_if_imported","utils/path.ts","src/utils/path.ts","support_util","coding_workflow","V20-OGR-12-shared-platform-utilities","M","owner-review-required","retain_only_if_dsxu_mainline_imported_else_replace_delete_candidate"
"review_absorb_as_shared_utility_only_if_imported","utils/pdf.ts","src/utils/pdf.ts","support_util","coding_workflow","V20-OGR-12-shared-platform-utilities","M","owner-review-required","retain_only_if_dsxu_mainline_imported_else_replace_delete_candidate"
"review_absorb_as_shared_utility_only_if_imported","utils/peerAddress.ts","src/utils/peerAddress.ts","support_util","tool_runtime","V20-OGR-12-shared-platform-utilities","M","owner-review-required","retain_only_if_dsxu_mainline_imported_else_replace_delete_candidate"
"review_absorb_as_shared_utility_only_if_imported","utils/plans.ts","src/utils/plans.ts","support_util","coding_workflow","V20-OGR-06-ui-tui-visible-state","not-in-current-git-status","c2-owner-review-only","retain_only_if_dsxu_mainline_imported_else_replace_delete_candidate"
"review_absorb_as_shared_utility_only_if_imported","utils/platform.ts","src/utils/platform.ts","support_util","coding_workflow","V20-OGR-13-other-source-owner-review","not-in-current-git-status","c2-owner-review-only","retain_only_if_dsxu_mainline_imported_else_replace_delete_candidate"
"review_absorb_as_shared_utility_only_if_imported","utils/powershell/dangerousCmdlets.ts","src/utils/powershell/dangerousCmdlets.ts","support_util","coding_workflow","V20-OGR-12-shared-platform-utilities","M","owner-review-required","retain_only_if_dsxu_mainline_imported_else_replace_delete_candidate"
"review_absorb_as_shared_utility_only_if_imported","utils/process.ts","src/utils/process.ts","support_util","coding_workflow","V20-OGR-06-ui-tui-visible-state","not-in-current-git-status","c2-owner-review-only","retain_only_if_dsxu_mainline_imported_else_replace_delete_candidate"
"review_absorb_as_shared_utility_only_if_imported","utils/profilerBase.ts","src/utils/profilerBase.ts","support_util","memory_context","V20-OGR-06-ui-tui-visible-state","not-in-current-git-status","c2-owner-review-only","retain_only_if_dsxu_mainline_imported_else_replace_delete_candidate"
"review_absorb_as_shared_utility_only_if_imported","utils/promptCategory.ts","src/utils/promptCategory.ts","support_util","coding_workflow","V20-OGR-13-other-source-owner-review","not-in-current-git-status","c2-owner-review-only","retain_only_if_dsxu_mainline_imported_else_replace_delete_candidate"
"review_absorb_as_shared_utility_only_if_imported","utils/promptEditor.ts","src/utils/promptEditor.ts","support_util","coding_workflow","V20-OGR-12-shared-platform-utilities","M","owner-review-required","retain_only_if_dsxu_mainline_imported_else_replace_delete_candidate"
"review_absorb_as_shared_utility_only_if_imported","utils/promptShellExecution.ts","src/utils/promptShellExecution.ts","support_util","coding_workflow","V20-OGR-06-ui-tui-visible-state","not-in-current-git-status","c2-owner-review-only","retain_only_if_dsxu_mainline_imported_else_replace_delete_candidate"
"review_absorb_as_shared_utility_only_if_imported","utils/QueryGuard.ts","src/utils/QueryGuard.ts","support_util","coding_workflow","V20-OGR-12-shared-platform-utilities","M","owner-review-required","retain_only_if_dsxu_mainline_imported_else_replace_delete_candidate"
"review_absorb_as_shared_utility_only_if_imported","utils/queueProcessor.ts","src/utils/queueProcessor.ts","support_util","coding_workflow","V20-OGR-12-shared-platform-utilities","M","owner-review-required","retain_only_if_dsxu_mainline_imported_else_replace_delete_candidate"
"review_absorb_as_shared_utility_only_if_imported","utils/readFileInRange.ts","src/utils/readFileInRange.ts","support_util","coding_workflow","V20-OGR-12-shared-platform-utilities","M","owner-review-required","retain_only_if_dsxu_mainline_imported_else_replace_delete_candidate"
"review_absorb_as_shared_utility_only_if_imported","utils/renderOptions.ts","src/utils/renderOptions.ts","support_util","coding_workflow","V20-OGR-06-ui-tui-visible-state","not-in-current-git-status","c2-owner-review-only","retain_only_if_dsxu_mainline_imported_else_replace_delete_candidate"
"review_absorb_as_shared_utility_only_if_imported","utils/ripgrep.ts","src/utils/ripgrep.ts","support_util","coding_workflow","V20-OGR-12-shared-platform-utilities","M","owner-review-required","retain_only_if_dsxu_mainline_imported_else_replace_delete_candidate"
"review_absorb_as_shared_utility_only_if_imported","utils/sanitization.ts","src/utils/sanitization.ts","support_util","coding_workflow","V20-OGR-06-ui-tui-visible-state","not-in-current-git-status","c2-owner-review-only","retain_only_if_dsxu_mainline_imported_else_replace_delete_candidate"
"review_absorb_as_shared_utility_only_if_imported","utils/sdkEventQueue.ts","src/utils/sdkEventQueue.ts","support_util","coding_workflow","V20-OGR-06-ui-tui-visible-state","not-in-current-git-status","c2-owner-review-only","retain_only_if_dsxu_mainline_imported_else_replace_delete_candidate"
"review_absorb_as_shared_utility_only_if_imported","utils/secureStorage/index.ts","src/utils/secureStorage/index.ts","support_util","permission_safety","V20-OGR-03-tool-permission-lifecycle","not-in-current-git-status","c2-owner-review-only","retain_only_if_dsxu_mainline_imported_else_replace_delete_candidate"
"review_absorb_as_shared_utility_only_if_imported","utils/secureStorage/keychainPrefetch.ts","src/utils/secureStorage/keychainPrefetch.ts","support_util","coding_workflow","V20-OGR-12-shared-platform-utilities","M","owner-review-required","retain_only_if_dsxu_mainline_imported_else_replace_delete_candidate"
"review_absorb_as_shared_utility_only_if_imported","utils/secureStorage/macOsKeychainStorage.ts","src/utils/secureStorage/macOsKeychainStorage.ts","support_util","coding_workflow","V20-OGR-12-shared-platform-utilities","M","owner-review-required","retain_only_if_dsxu_mainline_imported_else_replace_delete_candidate"
"review_absorb_as_shared_utility_only_if_imported","utils/secureStorage/plainTextStorage.ts","src/utils/secureStorage/plainTextStorage.ts","support_util","coding_workflow","V20-OGR-06-ui-tui-visible-state","not-in-current-git-status","c2-owner-review-only","retain_only_if_dsxu_mainline_imported_else_replace_delete_candidate"
"review_absorb_as_shared_utility_only_if_imported","utils/semanticBoolean.ts","src/utils/semanticBoolean.ts","support_util","permission_safety","V20-OGR-06-ui-tui-visible-state","not-in-current-git-status","c2-owner-review-only","retain_only_if_dsxu_mainline_imported_else_replace_delete_candidate"
"review_absorb_as_shared_utility_only_if_imported","utils/semanticNumber.ts","src/utils/semanticNumber.ts","support_util","coding_workflow","V20-OGR-06-ui-tui-visible-state","not-in-current-git-status","c2-owner-review-only","retain_only_if_dsxu_mainline_imported_else_replace_delete_candidate"
"review_absorb_as_shared_utility_only_if_imported","utils/semver.ts","src/utils/semver.ts","support_util","support_util","V20-OGR-13-other-source-owner-review","not-in-current-git-status","c2-owner-review-only","retain_only_if_dsxu_mainline_imported_else_replace_delete_candidate"
"review_absorb_as_shared_utility_only_if_imported","utils/sequential.ts","src/utils/sequential.ts","support_util","coding_workflow","V20-OGR-03-tool-permission-lifecycle","not-in-current-git-status","c2-owner-review-only","retain_only_if_dsxu_mainline_imported_else_replace_delete_candidate"
"review_absorb_as_shared_utility_only_if_imported","utils/sessionActivity.ts","src/utils/sessionActivity.ts","support_util","coding_workflow","V20-OGR-12-shared-platform-utilities","M","owner-review-required","retain_only_if_dsxu_mainline_imported_else_replace_delete_candidate"
"review_absorb_as_shared_utility_only_if_imported","utils/sessionEnvironment.ts","src/utils/sessionEnvironment.ts","support_util","coding_workflow","V20-OGR-12-shared-platform-utilities","M","owner-review-required","retain_only_if_dsxu_mainline_imported_else_replace_delete_candidate"
"review_absorb_as_shared_utility_only_if_imported","utils/sessionEnvVars.ts","src/utils/sessionEnvVars.ts","support_util","coding_workflow","V20-OGR-12-shared-platform-utilities","M","owner-review-required","retain_only_if_dsxu_mainline_imported_else_replace_delete_candidate"
"review_absorb_as_shared_utility_only_if_imported","utils/sessionIngressAuth.ts","src/utils/sessionIngressAuth.ts","support_util","coding_workflow","V20-OGR-07-provider-migration-model-cost","M","high-risk-owner-review-required","retain_only_if_dsxu_mainline_imported_else_replace_delete_candidate"
"review_absorb_as_shared_utility_only_if_imported","utils/sessionStart.ts","src/utils/sessionStart.ts","support_util","coding_workflow","V20-OGR-12-shared-platform-utilities","M","owner-review-required","retain_only_if_dsxu_mainline_imported_else_replace_delete_candidate"
"review_absorb_as_shared_utility_only_if_imported","utils/sessionStoragePortable.ts","src/utils/sessionStoragePortable.ts","support_util","coding_workflow","V20-OGR-12-shared-platform-utilities","M","owner-review-required","retain_only_if_dsxu_mainline_imported_else_replace_delete_candidate"
"review_absorb_as_shared_utility_only_if_imported","utils/sessionTitle.ts","src/utils/sessionTitle.ts","support_util","coding_workflow","V20-OGR-12-shared-platform-utilities","M","owner-review-required","retain_only_if_dsxu_mainline_imported_else_replace_delete_candidate"
"review_absorb_as_shared_utility_only_if_imported","utils/sessionUrl.ts","src/utils/sessionUrl.ts","support_util","memory_context","V20-OGR-07-provider-migration-model-cost","not-in-current-git-status","c2-owner-review-only","retain_only_if_dsxu_mainline_imported_else_replace_delete_candidate"
"review_absorb_as_shared_utility_only_if_imported","utils/set.ts","src/utils/set.ts","support_util","coding_workflow","V20-OGR-03-tool-permission-lifecycle","not-in-current-git-status","c2-owner-review-only","retain_only_if_dsxu_mainline_imported_else_replace_delete_candidate"
"review_absorb_as_shared_utility_only_if_imported","utils/settings/allErrors.ts","src/utils/settings/allErrors.ts","support_util","memory_context","V20-OGR-12-shared-platform-utilities","not-in-current-git-status","c2-owner-review-only","retain_only_if_dsxu_mainline_imported_else_replace_delete_candidate"
"review_absorb_as_shared_utility_only_if_imported","utils/settings/applySettingsChange.ts","src/utils/settings/applySettingsChange.ts","support_util","coding_workflow","V20-OGR-12-shared-platform-utilities","M","owner-review-required","retain_only_if_dsxu_mainline_imported_else_replace_delete_candidate"
"review_absorb_as_shared_utility_only_if_imported","utils/settings/constants.ts","src/utils/settings/constants.ts","support_util","coding_workflow","V20-OGR-12-shared-platform-utilities","M","owner-review-required","retain_only_if_dsxu_mainline_imported_else_replace_delete_candidate"
"review_absorb_as_shared_utility_only_if_imported","utils/settings/internalWrites.ts","src/utils/settings/internalWrites.ts","support_util","coding_workflow","V20-OGR-12-shared-platform-utilities","M","owner-review-required","retain_only_if_dsxu_mainline_imported_else_replace_delete_candidate"
"review_absorb_as_shared_utility_only_if_imported","utils/settings/managedPath.ts","src/utils/settings/managedPath.ts","support_util","coding_workflow","V20-OGR-12-shared-platform-utilities","M","owner-review-required","retain_only_if_dsxu_mainline_imported_else_replace_delete_candidate"
"review_absorb_as_shared_utility_only_if_imported","utils/settings/mdm/rawRead.ts","src/utils/settings/mdm/rawRead.ts","support_util","coding_workflow","V20-OGR-04-mcp-skill-plugin-registry","not-in-current-git-status","c2-owner-review-only","retain_only_if_dsxu_mainline_imported_else_replace_delete_candidate"
"review_absorb_as_shared_utility_only_if_imported","utils/settings/pluginOnlyPolicy.ts","src/utils/settings/pluginOnlyPolicy.ts","support_util","coding_workflow","V20-OGR-07-provider-migration-model-cost","not-in-current-git-status","c2-owner-review-only","retain_only_if_dsxu_mainline_imported_else_replace_delete_candidate"
"review_absorb_as_shared_utility_only_if_imported","utils/settings/schemaOutput.ts","src/utils/settings/schemaOutput.ts","support_util","support_util","V20-OGR-13-other-source-owner-review","not-in-current-git-status","c2-owner-review-only","retain_only_if_dsxu_mainline_imported_else_replace_delete_candidate"
"review_absorb_as_shared_utility_only_if_imported","utils/settings/settingsCache.ts","src/utils/settings/settingsCache.ts","support_util","coding_workflow","V20-OGR-07-provider-migration-model-cost","not-in-current-git-status","c2-owner-review-only","retain_only_if_dsxu_mainline_imported_else_replace_delete_candidate"
"review_absorb_as_shared_utility_only_if_imported","utils/settings/toolValidationConfig.ts","src/utils/settings/toolValidationConfig.ts","support_util","coding_workflow","V20-OGR-12-shared-platform-utilities","M","owner-review-required","retain_only_if_dsxu_mainline_imported_else_replace_delete_candidate"
"review_absorb_as_shared_utility_only_if_imported","utils/settings/validateEditTool.ts","src/utils/settings/validateEditTool.ts","support_util","coding_workflow","V20-OGR-06-ui-tui-visible-state","not-in-current-git-status","c2-owner-review-only","retain_only_if_dsxu_mainline_imported_else_replace_delete_candidate"
"review_absorb_as_shared_utility_only_if_imported","utils/settings/validation.ts","src/utils/settings/validation.ts","support_util","coding_workflow","V20-OGR-06-ui-tui-visible-state","not-in-current-git-status","c2-owner-review-only","retain_only_if_dsxu_mainline_imported_else_replace_delete_candidate"
"review_absorb_as_shared_utility_only_if_imported","utils/settings/validationTips.ts","src/utils/settings/validationTips.ts","support_util","coding_workflow","V20-OGR-06-ui-tui-visible-state","not-in-current-git-status","c2-owner-review-only","retain_only_if_dsxu_mainline_imported_else_replace_delete_candidate"
"review_absorb_as_shared_utility_only_if_imported","utils/Shell.ts","src/utils/Shell.ts","support_util","coding_workflow","V20-OGR-12-shared-platform-utilities","M","owner-review-required","retain_only_if_dsxu_mainline_imported_else_replace_delete_candidate"
"review_absorb_as_shared_utility_only_if_imported","utils/shell/outputLimits.ts","src/utils/shell/outputLimits.ts","support_util","coding_workflow","V20-OGR-13-other-source-owner-review","not-in-current-git-status","c2-owner-review-only","retain_only_if_dsxu_mainline_imported_else_replace_delete_candidate"
"review_absorb_as_shared_utility_only_if_imported","utils/shell/powershellDetection.ts","src/utils/shell/powershellDetection.ts","support_util","coding_workflow","V20-OGR-06-ui-tui-visible-state","not-in-current-git-status","c2-owner-review-only","retain_only_if_dsxu_mainline_imported_else_replace_delete_candidate"
"review_absorb_as_shared_utility_only_if_imported","utils/shell/readOnlyCommandValidation.ts","src/utils/shell/readOnlyCommandValidation.ts","support_util","coding_workflow","V20-OGR-12-shared-platform-utilities","M","owner-review-required","retain_only_if_dsxu_mainline_imported_else_replace_delete_candidate"
"review_absorb_as_shared_utility_only_if_imported","utils/shell/resolveDefaultShell.ts","src/utils/shell/resolveDefaultShell.ts","support_util","coding_workflow","V20-OGR-06-ui-tui-visible-state","not-in-current-git-status","c2-owner-review-only","retain_only_if_dsxu_mainline_imported_else_replace_delete_candidate"
"review_absorb_as_shared_utility_only_if_imported","utils/shell/shellProvider.ts","src/utils/shell/shellProvider.ts","support_util","coding_workflow","V20-OGR-07-provider-migration-model-cost","not-in-current-git-status","c2-owner-review-only","retain_only_if_dsxu_mainline_imported_else_replace_delete_candidate"
"review_absorb_as_shared_utility_only_if_imported","utils/shell/shellToolUtils.ts","src/utils/shell/shellToolUtils.ts","support_util","coding_workflow","V20-OGR-07-provider-migration-model-cost","not-in-current-git-status","c2-owner-review-only","retain_only_if_dsxu_mainline_imported_else_replace_delete_candidate"
"review_absorb_as_shared_utility_only_if_imported","utils/ShellCommand.ts","src/utils/ShellCommand.ts","support_util","coding_workflow","V20-OGR-12-shared-platform-utilities","M","owner-review-required","retain_only_if_dsxu_mainline_imported_else_replace_delete_candidate"
"review_absorb_as_shared_utility_only_if_imported","utils/shellConfig.ts","src/utils/shellConfig.ts","support_util","coding_workflow","V20-OGR-12-shared-platform-utilities","M","owner-review-required","retain_only_if_dsxu_mainline_imported_else_replace_delete_candidate"
"review_absorb_as_shared_utility_only_if_imported","utils/sideQuestion.ts","src/utils/sideQuestion.ts","support_util","coding_workflow","V20-OGR-06-ui-tui-visible-state","not-in-current-git-status","c2-owner-review-only","retain_only_if_dsxu_mainline_imported_else_replace_delete_candidate"
"review_absorb_as_shared_utility_only_if_imported","utils/signal.ts","src/utils/signal.ts","support_util","coding_workflow","V20-OGR-13-other-source-owner-review","not-in-current-git-status","c2-owner-review-only","retain_only_if_dsxu_mainline_imported_else_replace_delete_candidate"
"review_absorb_as_shared_utility_only_if_imported","utils/slashCommandParsing.ts","src/utils/slashCommandParsing.ts","support_util","coding_workflow","V20-OGR-06-ui-tui-visible-state","not-in-current-git-status","c2-owner-review-only","retain_only_if_dsxu_mainline_imported_else_replace_delete_candidate"
"review_absorb_as_shared_utility_only_if_imported","utils/sleep.ts","src/utils/sleep.ts","support_util","permission_safety","V20-OGR-12-shared-platform-utilities","M","owner-review-required","retain_only_if_dsxu_mainline_imported_else_replace_delete_candidate"
"review_absorb_as_shared_utility_only_if_imported","utils/sliceAnsi.ts","src/utils/sliceAnsi.ts","support_util","permission_safety","V20-OGR-06-ui-tui-visible-state","not-in-current-git-status","c2-owner-review-only","retain_only_if_dsxu_mainline_imported_else_replace_delete_candidate"
"review_absorb_as_shared_utility_only_if_imported","utils/slowOperations.ts","src/utils/slowOperations.ts","support_util","coding_workflow","V20-OGR-12-shared-platform-utilities","M","owner-review-required","retain_only_if_dsxu_mainline_imported_else_replace_delete_candidate"
"review_absorb_as_shared_utility_only_if_imported","utils/startupProfiler.ts","src/utils/startupProfiler.ts","support_util","coding_workflow","V20-OGR-12-shared-platform-utilities","M","owner-review-required","retain_only_if_dsxu_mainline_imported_else_replace_delete_candidate"
"review_absorb_as_shared_utility_only_if_imported","utils/staticRender.tsx","src/utils/staticRender.tsx","support_util","coding_workflow","V20-OGR-06-ui-tui-visible-state","not-in-current-git-status","c2-owner-review-only","retain_only_if_dsxu_mainline_imported_else_replace_delete_candidate"
"review_absorb_as_shared_utility_only_if_imported","utils/stats.ts","src/utils/stats.ts","support_util","coding_workflow","V20-OGR-12-shared-platform-utilities","M","owner-review-required","retain_only_if_dsxu_mainline_imported_else_replace_delete_candidate"
"review_absorb_as_shared_utility_only_if_imported","utils/statsCache.ts","src/utils/statsCache.ts","support_util","coding_workflow","V20-OGR-12-shared-platform-utilities","M","owner-review-required","retain_only_if_dsxu_mainline_imported_else_replace_delete_candidate"
"review_absorb_as_shared_utility_only_if_imported","utils/statusNoticeHelpers.ts","src/utils/statusNoticeHelpers.ts","support_util","coding_workflow","V20-OGR-06-ui-tui-visible-state","not-in-current-git-status","c2-owner-review-only","retain_only_if_dsxu_mainline_imported_else_replace_delete_candidate"
"review_absorb_as_shared_utility_only_if_imported","utils/stream.ts","src/utils/stream.ts","support_util","coding_workflow","V20-OGR-03-tool-permission-lifecycle","not-in-current-git-status","c2-owner-review-only","retain_only_if_dsxu_mainline_imported_else_replace_delete_candidate"
"review_absorb_as_shared_utility_only_if_imported","utils/streamJsonStdoutGuard.ts","src/utils/streamJsonStdoutGuard.ts","support_util","coding_workflow","V20-OGR-12-shared-platform-utilities","M","owner-review-required","retain_only_if_dsxu_mainline_imported_else_replace_delete_candidate"
"review_absorb_as_shared_utility_only_if_imported","utils/streamlinedTransform.ts","src/utils/streamlinedTransform.ts","support_util","coding_workflow","V20-OGR-06-ui-tui-visible-state","not-in-current-git-status","c2-owner-review-only","retain_only_if_dsxu_mainline_imported_else_replace_delete_candidate"
"review_absorb_as_shared_utility_only_if_imported","utils/stringUtils.ts","src/utils/stringUtils.ts","support_util","coding_workflow","V20-OGR-06-ui-tui-visible-state","not-in-current-git-status","c2-owner-review-only","retain_only_if_dsxu_mainline_imported_else_replace_delete_candidate"
"review_absorb_as_shared_utility_only_if_imported","utils/suggestions/directoryCompletion.ts","src/utils/suggestions/directoryCompletion.ts","support_util","coding_workflow","V20-OGR-06-ui-tui-visible-state","not-in-current-git-status","c2-owner-review-only","retain_only_if_dsxu_mainline_imported_else_replace_delete_candidate"
"review_absorb_as_shared_utility_only_if_imported","utils/suggestions/skillUsageTracking.ts","src/utils/suggestions/skillUsageTracking.ts","support_util","coding_workflow","V20-OGR-07-provider-migration-model-cost","not-in-current-git-status","c2-owner-review-only","retain_only_if_dsxu_mainline_imported_else_replace_delete_candidate"
"review_absorb_as_shared_utility_only_if_imported","utils/suggestions/slackChannelSuggestions.ts","src/utils/suggestions/slackChannelSuggestions.ts","support_util","coding_workflow","V20-OGR-06-ui-tui-visible-state","not-in-current-git-status","c2-owner-review-only","retain_only_if_dsxu_mainline_imported_else_replace_delete_candidate"
"review_absorb_as_shared_utility_only_if_imported","utils/systemDirectories.ts","src/utils/systemDirectories.ts","support_util","coding_workflow","V20-OGR-13-other-source-owner-review","not-in-current-git-status","c2-owner-review-only","retain_only_if_dsxu_mainline_imported_else_replace_delete_candidate"
"review_absorb_as_shared_utility_only_if_imported","utils/systemPrompt.ts","src/utils/systemPrompt.ts","support_util","coding_workflow","V20-OGR-07-provider-migration-model-cost","not-in-current-git-status","c2-owner-review-only","retain_only_if_dsxu_mainline_imported_else_replace_delete_candidate"
"review_absorb_as_shared_utility_only_if_imported","utils/systemPromptType.ts","src/utils/systemPromptType.ts","support_util","coding_workflow","V20-OGR-03-tool-permission-lifecycle","not-in-current-git-status","c2-owner-review-only","retain_only_if_dsxu_mainline_imported_else_replace_delete_candidate"
"review_absorb_as_shared_utility_only_if_imported","utils/systemTheme.ts","src/utils/systemTheme.ts","support_util","coding_workflow","V20-OGR-06-ui-tui-visible-state","not-in-current-git-status","c2-owner-review-only","retain_only_if_dsxu_mainline_imported_else_replace_delete_candidate"
"review_absorb_as_shared_utility_only_if_imported","utils/taggedId.ts","src/utils/taggedId.ts","support_util","provider_model","V20-OGR-07-provider-migration-model-cost","not-in-current-git-status","c2-owner-review-only","retain_only_if_dsxu_mainline_imported_else_replace_delete_candidate"
"review_absorb_as_shared_utility_only_if_imported","utils/task/diskOutput.ts","src/utils/task/diskOutput.ts","support_util","coding_workflow","V20-OGR-05-agent-task-lifecycle","M","high-risk-owner-review-required","retain_only_if_dsxu_mainline_imported_else_replace_delete_candidate"
"review_absorb_as_shared_utility_only_if_imported","utils/task/framework.ts","src/utils/task/framework.ts","support_util","coding_workflow","V20-OGR-06-ui-tui-visible-state","not-in-current-git-status","c2-owner-review-only","retain_only_if_dsxu_mainline_imported_else_replace_delete_candidate"
"review_absorb_as_shared_utility_only_if_imported","utils/task/outputFormatting.ts","src/utils/task/outputFormatting.ts","support_util","tool_runtime","V20-OGR-05-agent-task-lifecycle","M","high-risk-owner-review-required","retain_only_if_dsxu_mainline_imported_else_replace_delete_candidate"
"review_absorb_as_shared_utility_only_if_imported","utils/task/sdkProgress.ts","src/utils/task/sdkProgress.ts","support_util","coding_workflow","V20-OGR-06-ui-tui-visible-state","not-in-current-git-status","c2-owner-review-only","retain_only_if_dsxu_mainline_imported_else_replace_delete_candidate"
"review_absorb_as_shared_utility_only_if_imported","utils/task/TaskOutput.ts","src/utils/task/TaskOutput.ts","support_util","coding_workflow","V20-OGR-05-agent-task-lifecycle","M","high-risk-owner-review-required","retain_only_if_dsxu_mainline_imported_else_replace_delete_candidate"
"review_absorb_as_shared_utility_only_if_imported","utils/tasks.ts","src/utils/tasks.ts","support_util","coding_workflow","V20-OGR-05-agent-task-lifecycle","M","high-risk-owner-review-required","retain_only_if_dsxu_mainline_imported_else_replace_delete_candidate"
"review_absorb_as_shared_utility_only_if_imported","utils/teamDiscovery.ts","src/utils/teamDiscovery.ts","support_util","coding_workflow","V20-OGR-06-ui-tui-visible-state","not-in-current-git-status","c2-owner-review-only","retain_only_if_dsxu_mainline_imported_else_replace_delete_candidate"
"review_absorb_as_shared_utility_only_if_imported","utils/teamMemoryOps.ts","src/utils/teamMemoryOps.ts","support_util","coding_workflow","V20-OGR-06-ui-tui-visible-state","not-in-current-git-status","c2-owner-review-only","retain_only_if_dsxu_mainline_imported_else_replace_delete_candidate"
"review_absorb_as_shared_utility_only_if_imported","utils/telemetry/events.ts","src/utils/telemetry/events.ts","support_util","coding_workflow","V20-OGR-12-shared-platform-utilities","M","owner-review-required","retain_only_if_dsxu_mainline_imported_else_replace_delete_candidate"
"review_absorb_as_shared_utility_only_if_imported","utils/telemetry/logger.ts","src/utils/telemetry/logger.ts","support_util","telemetry_data","V20-OGR-06-ui-tui-visible-state","not-in-current-git-status","c2-owner-review-only","retain_only_if_dsxu_mainline_imported_else_replace_delete_candidate"
"review_absorb_as_shared_utility_only_if_imported","utils/telemetry/skillLoadedEvent.ts","src/utils/telemetry/skillLoadedEvent.ts","support_util","tool_runtime","V20-OGR-07-provider-migration-model-cost","not-in-current-git-status","c2-owner-review-only","retain_only_if_dsxu_mainline_imported_else_replace_delete_candidate"
"review_absorb_as_shared_utility_only_if_imported","utils/telemetryAttributes.ts","src/utils/telemetryAttributes.ts","support_util","memory_context","V20-OGR-12-shared-platform-utilities","M","owner-review-required","retain_only_if_dsxu_mainline_imported_else_replace_delete_candidate"
"review_absorb_as_shared_utility_only_if_imported","utils/teleport/environmentSelection.ts","src/utils/teleport/environmentSelection.ts","support_util","ui_interaction","V20-OGR-06-ui-tui-visible-state","not-in-current-git-status","c2-owner-review-only","retain_only_if_dsxu_mainline_imported_else_replace_delete_candidate"
"review_absorb_as_shared_utility_only_if_imported","utils/terminal.ts","src/utils/terminal.ts","support_util","tool_runtime","V20-OGR-06-ui-tui-visible-state","not-in-current-git-status","c2-owner-review-only","retain_only_if_dsxu_mainline_imported_else_replace_delete_candidate"
"review_absorb_as_shared_utility_only_if_imported","utils/terminalPanel.ts","src/utils/terminalPanel.ts","support_util","coding_workflow","V20-OGR-12-shared-platform-utilities","M","owner-review-required","retain_only_if_dsxu_mainline_imported_else_replace_delete_candidate"
"review_absorb_as_shared_utility_only_if_imported","utils/textHighlighting.ts","src/utils/textHighlighting.ts","support_util","coding_workflow","V20-OGR-06-ui-tui-visible-state","not-in-current-git-status","c2-owner-review-only","retain_only_if_dsxu_mainline_imported_else_replace_delete_candidate"
"review_absorb_as_shared_utility_only_if_imported","utils/timeouts.ts","src/utils/timeouts.ts","support_util","coding_workflow","V20-OGR-13-other-source-owner-review","not-in-current-git-status","c2-owner-review-only","retain_only_if_dsxu_mainline_imported_else_replace_delete_candidate"
"review_absorb_as_shared_utility_only_if_imported","utils/tmuxSocket.ts","src/utils/tmuxSocket.ts","support_util","coding_workflow","V20-OGR-12-shared-platform-utilities","M","owner-review-required","retain_only_if_dsxu_mainline_imported_else_replace_delete_candidate"
"review_absorb_as_shared_utility_only_if_imported","utils/todo/types.ts","src/utils/todo/types.ts","support_util","coding_workflow","V20-OGR-06-ui-tui-visible-state","not-in-current-git-status","c2-owner-review-only","retain_only_if_dsxu_mainline_imported_else_replace_delete_candidate"
"review_absorb_as_shared_utility_only_if_imported","utils/toolErrors.ts","src/utils/toolErrors.ts","support_util","coding_workflow","V20-OGR-06-ui-tui-visible-state","not-in-current-git-status","c2-owner-review-only","retain_only_if_dsxu_mainline_imported_else_replace_delete_candidate"
"review_absorb_as_shared_utility_only_if_imported","utils/treeify.ts","src/utils/treeify.ts","support_util","coding_workflow","V20-OGR-06-ui-tui-visible-state","not-in-current-git-status","c2-owner-review-only","retain_only_if_dsxu_mainline_imported_else_replace_delete_candidate"
"review_absorb_as_shared_utility_only_if_imported","utils/truncate.ts","src/utils/truncate.ts","support_util","coding_workflow","V20-OGR-06-ui-tui-visible-state","not-in-current-git-status","c2-owner-review-only","retain_only_if_dsxu_mainline_imported_else_replace_delete_candidate"
"review_absorb_as_shared_utility_only_if_imported","utils/ultraplan/keyword.ts","src/utils/ultraplan/keyword.ts","support_util","coding_workflow","V20-OGR-06-ui-tui-visible-state","not-in-current-git-status","c2-owner-review-only","retain_only_if_dsxu_mainline_imported_else_replace_delete_candidate"
"review_absorb_as_shared_utility_only_if_imported","utils/unaryLogging.ts","src/utils/unaryLogging.ts","support_util","coding_workflow","V20-OGR-06-ui-tui-visible-state","not-in-current-git-status","c2-owner-review-only","retain_only_if_dsxu_mainline_imported_else_replace_delete_candidate"
"review_absorb_as_shared_utility_only_if_imported","utils/userPromptKeywords.ts","src/utils/userPromptKeywords.ts","support_util","coding_workflow","V20-OGR-06-ui-tui-visible-state","not-in-current-git-status","c2-owner-review-only","retain_only_if_dsxu_mainline_imported_else_replace_delete_candidate"
"review_absorb_as_shared_utility_only_if_imported","utils/uuid.ts","src/utils/uuid.ts","support_util","coding_workflow","V20-OGR-13-other-source-owner-review","not-in-current-git-status","c2-owner-review-only","retain_only_if_dsxu_mainline_imported_else_replace_delete_candidate"
"review_absorb_as_shared_utility_only_if_imported","utils/warningHandler.ts","src/utils/warningHandler.ts","support_util","coding_workflow","V20-OGR-12-shared-platform-utilities","M","owner-review-required","retain_only_if_dsxu_mainline_imported_else_replace_delete_candidate"
"review_absorb_as_shared_utility_only_if_imported","utils/which.ts","src/utils/which.ts","support_util","permission_safety","V20-OGR-03-tool-permission-lifecycle","not-in-current-git-status","c2-owner-review-only","retain_only_if_dsxu_mainline_imported_else_replace_delete_candidate"
"review_absorb_as_shared_utility_only_if_imported","utils/windowsPaths.ts","src/utils/windowsPaths.ts","support_util","coding_workflow","V20-OGR-07-provider-migration-model-cost","not-in-current-git-status","c2-owner-review-only","retain_only_if_dsxu_mainline_imported_else_replace_delete_candidate"
"review_absorb_as_shared_utility_only_if_imported","utils/withResolvers.ts","src/utils/withResolvers.ts","support_util","permission_safety","V20-OGR-03-tool-permission-lifecycle","not-in-current-git-status","c2-owner-review-only","retain_only_if_dsxu_mainline_imported_else_replace_delete_candidate"
"review_absorb_as_shared_utility_only_if_imported","utils/xdg.ts","src/utils/xdg.ts","support_util","coding_workflow","V20-OGR-06-ui-tui-visible-state","not-in-current-git-status","c2-owner-review-only","retain_only_if_dsxu_mainline_imported_else_replace_delete_candidate"
"review_absorb_as_shared_utility_only_if_imported","utils/xml.ts","src/utils/xml.ts","support_util","permission_safety","V20-OGR-06-ui-tui-visible-state","not-in-current-git-status","c2-owner-review-only","retain_only_if_dsxu_mainline_imported_else_replace_delete_candidate"
"review_absorb_as_shared_utility_only_if_imported","utils/yaml.ts","src/utils/yaml.ts","support_util","coding_workflow","V20-OGR-06-ui-tui-visible-state","not-in-current-git-status","c2-owner-review-only","retain_only_if_dsxu_mainline_imported_else_replace_delete_candidate"
"review_absorb_as_shared_utility_only_if_imported","utils/zodToJsonSchema.ts","src/utils/zodToJsonSchema.ts","support_util","tool_runtime","V20-OGR-07-provider-migration-model-cost","not-in-current-git-status","c2-owner-review-only","retain_only_if_dsxu_mainline_imported_else_replace_delete_candidate"
