statusCode,path,exists,directImportCount,activeSrcImportCount,testImportCount,scriptImportCount,otherImportCount,decision,sampleImporters
"M","src/services/analytics/config.ts","yes","7","7","0","0","0","KEEP_MAINLINE_IMPORTED_UTILITY","src/components/FeedbackSurvey/useFeedbackSurvey.tsx;src/components/FeedbackSurvey/useMemorySurvey.tsx;src/components/FeedbackSurvey/usePostCompactSurvey.tsx;src/main.tsx;src/services/analytics/datadog.ts;src/services/analytics/firstPartyEventLogger.ts;src/utils/api.ts"
"M","src/services/analytics/datadog.ts","yes","4","4","0","0","0","KEEP_MAINLINE_IMPORTED_UTILITY","src/services/analytics/sink.ts;src/utils/computerUse/mcpServer.ts;src/utils/dsxuBrowserProvider/mcpServer.ts;src/utils/gracefulShutdown.ts"
"??","src/services/analytics/featureFlags.ts","yes","123","123","0","0","0","KEEP_MAINLINE_IMPORTED_UTILITY","src/utils/model/providerMigration/providerMigrationBetas.ts;src/utils/model/providerMigration/providerMigrationEffort.ts;src/utils/model/providerMigration/providerMigrationUltraplanModel.ts;src/cli/print.ts;src/cli/print.ts;src/commands/brief.ts;src/commands/login/login.tsx;src/commands/logout/logout.tsx"
"M","src/services/analytics/firstPartyEventLogger.ts","yes","7","7","0","0","0","KEEP_MAINLINE_IMPORTED_UTILITY","src/services/analytics/featureFlags.ts;src/components/Feedback.tsx;src/entrypoints/init.ts;src/services/analytics/sink.ts;src/utils/computerUse/mcpServer.ts;src/utils/dsxuBrowserProvider/mcpServer.ts;src/utils/gracefulShutdown.ts"
"M","src/services/analytics/firstPartyEventLoggingExporter.ts","yes","1","1","0","0","0","KEEP_MAINLINE_IMPORTED_UTILITY","src/services/analytics/firstPartyEventLogger.ts"
"M","src/services/analytics/metadata.ts","yes","34","34","0","0","0","KEEP_MAINLINE_IMPORTED_UTILITY","src/components/permissions/BashPermissionRequest/BashPermissionRequest.tsx;src/components/permissions/FallbackPermissionRequest.tsx;src/components/permissions/FilePermissionDialog/useFilePermissionDialog.ts;src/components/permissions/FilePermissionDialog/usePermissionHandler.ts;src/components/permissions/PowerShellPermissionRequest/PowerShellPermissionRequest.tsx;src/components/permissions/SkillPermissionRequest/SkillPermissionRequest.tsx;src/components/permissions/hooks.ts;src/components/permissions/useShellPermissionFeedback.ts"
"M","src/services/analytics/sink.ts","yes","4","4","0","0","0","KEEP_MAINLINE_IMPORTED_UTILITY","src/main.tsx;src/utils/computerUse/mcpServer.ts;src/utils/dsxuBrowserProvider/mcpServer.ts;src/utils/sinks.ts"
"M","src/services/analytics/sinkKillswitch.ts","yes","2","2","0","0","0","KEEP_MAINLINE_IMPORTED_UTILITY","src/services/analytics/firstPartyEventLogger.ts;src/services/analytics/sink.ts"
"M","src/services/autoDream/autoDream.ts","yes","2","2","0","0","0","KEEP_MAINLINE_IMPORTED_UTILITY","src/query/stopHooks.ts;src/utils/backgroundHousekeeping.ts"
"M","src/services/autoDream/config.ts","yes","2","2","0","0","0","KEEP_MAINLINE_IMPORTED_UTILITY","src/components/memory/MemoryFileSelector.tsx;src/services/autoDream/autoDream.ts"
"M","src/services/autoDream/consolidationLock.ts","yes","3","3","0","0","0","KEEP_MAINLINE_IMPORTED_UTILITY","src/components/memory/MemoryFileSelector.tsx;src/services/autoDream/autoDream.ts;src/tasks/DreamTask/DreamTask.ts"
"M","src/services/autoDream/consolidationPrompt.ts","yes","1","1","0","0","0","KEEP_MAINLINE_IMPORTED_UTILITY","src/services/autoDream/autoDream.ts"
"M","src/services/awaySummary.ts","yes","1","1","0","0","0","KEEP_MAINLINE_IMPORTED_UTILITY","src/hooks/useAwaySummary.ts"
"M","src/services/compact/autoCompact.ts","yes","8","8","0","0","0","KEEP_MAINLINE_IMPORTED_UTILITY","src/components/PromptInput/Notifications.tsx;src/components/TokenWarning.tsx;src/query.ts;src/query/deps.ts;src/services/SessionMemory/sessionMemory.ts;src/utils/analyzeContext.ts;src/utils/attachments.ts;src/utils/swarm/inProcessRunner.ts"
"M","src/services/compact/compact.ts","yes","9","9","0","0","0","KEEP_MAINLINE_IMPORTED_UTILITY","src/commands/compact/compact.ts;src/components/messages/AssistantTextMessage.tsx;src/query.ts;src/screens/REPL.tsx;src/services/compact/autoCompact.ts;src/services/compact/sessionMemoryCompact.ts;src/types/command.ts;src/utils/processUserInput/processSlashCommand.tsx"
"M","src/services/compact/compactWarningHook.ts","yes","1","1","0","0","0","KEEP_MAINLINE_IMPORTED_UTILITY","src/components/TokenWarning.tsx"
"M","src/services/compact/compactWarningState.ts","yes","3","3","0","0","0","KEEP_MAINLINE_IMPORTED_UTILITY","src/commands/compact/compact.ts;src/services/compact/compactWarningHook.ts;src/services/compact/microCompact.ts"
"M","src/services/compact/grouping.ts","yes","1","1","0","0","0","KEEP_MAINLINE_IMPORTED_UTILITY","src/services/compact/compact.ts"
"M","src/services/compact/microCompact.ts","yes","11","11","0","0","0","KEEP_MAINLINE_IMPORTED_UTILITY","src/commands/compact/compact.ts;src/commands/context/context-noninteractive.ts;src/commands/context/context.tsx;src/query/deps.ts;src/screens/REPL.tsx;src/services/api/dsxuTransport.ts;src/services/compact/postCompactCleanup.ts;src/services/compact/sessionMemoryCompact.ts"
"M","src/services/compact/postCompactCleanup.ts","yes","3","3","0","0","0","KEEP_MAINLINE_IMPORTED_UTILITY","src/commands/compact/compact.ts;src/screens/REPL.tsx;src/services/compact/autoCompact.ts"
"M","src/services/compact/sessionMemoryCompact.ts","yes","3","3","0","0","0","KEEP_MAINLINE_IMPORTED_UTILITY","src/commands/compact/compact.ts;src/components/FeedbackSurvey/usePostCompactSurvey.tsx;src/services/compact/autoCompact.ts"
"M","src/services/compact/timeBasedMCConfig.ts","yes","1","1","0","0","0","KEEP_MAINLINE_IMPORTED_UTILITY","src/services/compact/microCompact.ts"
"M","src/services/diagnosticTracking.ts","yes","9","9","0","0","0","KEEP_MAINLINE_IMPORTED_UTILITY","src/components/DiagnosticsDisplay.tsx;src/screens/REPL.tsx;src/services/lsp/LSPDiagnosticRegistry.ts;src/services/lsp/passiveFeedback.ts;src/tools/FileEditTool/FileEditTool.ts;src/tools/FileWriteTool/FileWriteTool.ts;src/utils/attachments.ts;src/utils/attachments.ts"
"M","src/services/dsxuLimits.ts","yes","13","13","0","0","0","KEEP_MAINLINE_IMPORTED_UTILITY","src/services/mockRateLimitsProviderMigration/providerMigrationMockRateLimits.ts;src/cli/print.ts;src/commands/cost/cost.ts;src/components/StatusLine.tsx;src/hooks/notifs/useRateLimitWarningNotification.tsx;src/main.tsx;src/services/PromptSuggestion/promptSuggestion.ts;src/services/api/dsxuTransport.ts"
"M","src/services/dsxuLimitsHook.ts","yes","4","4","0","0","0","KEEP_MAINLINE_IMPORTED_UTILITY","src/commands/rate-limit-options/rate-limit-options.tsx;src/components/PromptInput/Notifications.tsx;src/components/messages/RateLimitMessage.tsx;src/hooks/notifs/useRateLimitWarningNotification.tsx"
"M","src/services/embedding/store.ts","yes","1","1","0","0","0","KEEP_MAINLINE_IMPORTED_UTILITY","src/services/embedding/index.ts"
"M","src/services/experience/self-rag.ts","yes","1","1","0","0","0","KEEP_MAINLINE_IMPORTED_UTILITY","src/services/experience/index.ts"
"M","src/services/experience/store.ts","yes","3","2","1","0","0","KEEP_MAINLINE_IMPORTED_UTILITY","src/dsxu/integration/__tests__/integration.test.ts;src/services/experience/index.ts;src/services/experience/self-rag.ts"
"M","src/services/extractMemories/extractMemories.ts","yes","7","7","0","0","0","KEEP_MAINLINE_IMPORTED_UTILITY","src/cli/print.ts;src/cli/print.ts;src/query/stopHooks.ts;src/query/stopHooks.ts;src/services/autoDream/autoDream.ts;src/utils/backgroundHousekeeping.ts;src/utils/backgroundHousekeeping.ts"
"M","src/services/extractMemories/prompts.ts","yes","1","1","0","0","0","KEEP_MAINLINE_IMPORTED_UTILITY","src/services/extractMemories/extractMemories.ts"
"M","src/services/internalLogging.ts","yes","2","2","0","0","0","KEEP_MAINLINE_IMPORTED_UTILITY","src/main.tsx;src/services/compact/compact.ts"
"M","src/services/lsp/config.ts","yes","1","1","0","0","0","KEEP_MAINLINE_IMPORTED_UTILITY","src/services/lsp/LSPServerManager.ts"
"M","src/services/lsp/LSPClient.ts","yes","2","2","0","0","0","KEEP_MAINLINE_IMPORTED_UTILITY","src/services/lsp/LSPServerInstance.ts;src/services/lsp/LSPServerInstance.ts"
"M","src/services/lsp/LSPDiagnosticRegistry.ts","yes","4","4","0","0","0","KEEP_MAINLINE_IMPORTED_UTILITY","src/services/lsp/passiveFeedback.ts;src/tools/FileEditTool/FileEditTool.ts;src/tools/FileWriteTool/FileWriteTool.ts;src/utils/attachments.ts"
"M","src/services/lsp/LSPServerInstance.ts","yes","1","1","0","0","0","KEEP_MAINLINE_IMPORTED_UTILITY","src/services/lsp/LSPServerManager.ts"
"M","src/services/lsp/LSPServerManager.ts","yes","2","2","0","0","0","KEEP_MAINLINE_IMPORTED_UTILITY","src/services/lsp/manager.ts;src/services/lsp/passiveFeedback.ts"
"M","src/services/lsp/passiveFeedback.ts","yes","1","1","0","0","0","KEEP_MAINLINE_IMPORTED_UTILITY","src/services/lsp/manager.ts"
"M","src/services/MagicDocs/magicDocs.ts","yes","1","1","0","0","0","KEEP_MAINLINE_IMPORTED_UTILITY","src/utils/backgroundHousekeeping.ts"
"M","src/services/MagicDocs/prompts.ts","yes","1","1","0","0","0","KEEP_MAINLINE_IMPORTED_UTILITY","src/services/MagicDocs/magicDocs.ts"
"M","src/services/mockRateLimits.ts","yes","2","2","0","0","0","KEEP_MAINLINE_IMPORTED_UTILITY","src/services/auth/dsxuProviderAuth.ts;src/services/rateLimitMocking.ts"
"M","src/services/mutation/operators.ts","yes","2","2","0","0","0","KEEP_MAINLINE_IMPORTED_UTILITY","src/services/mutation/index.ts;src/services/mutation/index.ts"
"M","src/services/notifier.ts","yes","4","4","0","0","0","KEEP_MAINLINE_IMPORTED_UTILITY","src/components/ConsoleOAuthFlow.tsx;src/hooks/useInboxPoller.ts;src/hooks/useNotifyAfterTimeout.ts;src/screens/REPL.tsx"
"M","src/services/policyLimits/index.ts","yes","14","14","0","0","0","KEEP_MAINLINE_IMPORTED_UTILITY","src/cli/print.ts;src/commands/feedback/index.ts;src/commands/login/login.tsx;src/commands/logout/logout.tsx;src/commands/remote-env/index.ts;src/commands/remote-setup/index.ts;src/components/FeedbackSurvey/useFeedbackSurvey.tsx;src/components/FeedbackSurvey/useMemorySurvey.tsx"
"M","src/services/policyLimits/types.ts","yes","1","1","0","0","0","KEEP_MAINLINE_IMPORTED_UTILITY","src/services/policyLimits/index.ts"
"M","src/services/PromptSuggestion/promptSuggestion.ts","yes","6","6","0","0","0","KEEP_MAINLINE_IMPORTED_UTILITY","src/cli/print.ts;src/components/PromptInput/PromptInput.tsx;src/main.tsx;src/query/stopHooks.ts;src/services/PromptSuggestion/speculation.ts;src/state/AppStateStore.ts"
"M","src/services/PromptSuggestion/speculation.ts","yes","6","6","0","0","0","KEEP_MAINLINE_IMPORTED_UTILITY","src/components/PromptInput/PromptInput.tsx;src/hooks/usePromptSuggestion.ts;src/screens/REPL.tsx;src/services/PromptSuggestion/promptSuggestion.ts;src/tasks/LocalAgentTask/LocalAgentTask.tsx;src/tasks/LocalShellTask/LocalShellTask.tsx"
"M","src/services/rateLimitMocking.ts","yes","4","4","0","0","0","KEEP_MAINLINE_IMPORTED_UTILITY","src/components/messages/RateLimitMessage.tsx;src/services/api/errors.ts;src/services/api/withRetry.ts;src/services/dsxuLimits.ts"
"M","src/services/remoteManagedSettings/index.ts","yes","7","7","0","0","0","KEEP_MAINLINE_IMPORTED_UTILITY","src/cli/print.ts;src/commands/login/login.tsx;src/commands/logout/logout.tsx;src/entrypoints/init.ts;src/entrypoints/init.ts;src/main.tsx;src/main.tsx"
"M","src/services/remoteManagedSettings/securityCheck.tsx","yes","1","1","0","0","0","KEEP_MAINLINE_IMPORTED_UTILITY","src/services/remoteManagedSettings/index.ts"
"M","src/services/remoteManagedSettings/syncCache.ts","yes","2","2","0","0","0","KEEP_MAINLINE_IMPORTED_UTILITY","src/services/remoteManagedSettings/index.ts;src/utils/managedEnv.ts"
"M","src/services/remoteManagedSettings/syncCacheState.ts","yes","3","3","0","0","0","KEEP_MAINLINE_IMPORTED_UTILITY","src/services/remoteManagedSettings/index.ts;src/services/remoteManagedSettings/syncCache.ts;src/utils/settings/settings.ts"
"M","src/services/remoteManagedSettings/types.ts","yes","1","1","0","0","0","KEEP_MAINLINE_IMPORTED_UTILITY","src/services/remoteManagedSettings/index.ts"
"M","src/services/SessionMemory/prompts.ts","yes","3","2","1","0","0","KEEP_MAINLINE_IMPORTED_UTILITY","src/dsxu/engine/__tests__/v8-memory-resume-v1.test.ts;src/services/SessionMemory/sessionMemory.ts;src/services/compact/sessionMemoryCompact.ts"
"M","src/services/SessionMemory/sessionMemory.ts","yes","2","1","1","0","0","KEEP_MAINLINE_IMPORTED_UTILITY","src/dsxu/engine/__tests__/v8-memory-resume-v1.test.ts;src/setup.ts"
"M","src/services/SessionMemory/sessionMemoryUtils.ts","yes","6","6","0","0","0","KEEP_MAINLINE_IMPORTED_UTILITY","src/commands/compact/compact.ts;src/services/SessionMemory/sessionMemory.ts;src/services/awaySummary.ts;src/services/compact/autoCompact.ts;src/services/compact/sessionMemoryCompact.ts;src/skills/bundled/skillify.ts"
"M","src/services/settingsSync/index.ts","yes","3","3","0","0","0","KEEP_MAINLINE_IMPORTED_UTILITY","src/cli/print.ts;src/commands/reload-plugins/reload-plugins.ts;src/main.tsx"
"M","src/services/settingsSync/types.ts","yes","1","1","0","0","0","KEEP_MAINLINE_IMPORTED_UTILITY","src/services/settingsSync/index.ts"
"M","src/services/static-analysis/parsers/tsc.ts","yes","2","1","1","0","0","KEEP_MAINLINE_IMPORTED_UTILITY","src/services/static-analysis/__tests__/parsers/tsc.test.ts;src/services/static-analysis/runner.ts"
"M","src/services/tips/tipHistory.ts","yes","2","2","0","0","0","KEEP_MAINLINE_IMPORTED_UTILITY","src/services/tips/tipRegistry.ts;src/services/tips/tipScheduler.ts"
"M","src/services/tips/tipRegistry.ts","yes","2","2","0","0","0","KEEP_MAINLINE_IMPORTED_UTILITY","src/main.tsx;src/services/tips/tipScheduler.ts"
"M","src/services/tips/tipScheduler.ts","yes","1","1","0","0","0","KEEP_MAINLINE_IMPORTED_UTILITY","src/screens/REPL.tsx"
"M","src/services/toolUseSummary/toolUseSummaryGenerator.ts","yes","4","1","3","0","0","KEEP_MAINLINE_IMPORTED_UTILITY","src/dsxu/engine/__tests__/mainline-tool-adapter-v1.test.ts;src/dsxu/engine/__tests__/tool-use-summary-governance-v1.test.ts;src/dsxu/engine/__tests__/v8-real-mcp-server-v1.test.ts;src/query.ts"
"M","src/services/vcr.ts","yes","2","2","0","0","0","KEEP_MAINLINE_IMPORTED_UTILITY","src/services/api/dsxuTransport.ts;src/services/tokenEstimation.ts"
"M","src/services/voice.ts","yes","6","6","0","0","0","KEEP_MAINLINE_IMPORTED_UTILITY","src/commands/voice/voice.ts;src/commands/voice/voice.ts;src/hooks/useVoice.ts;src/hooks/useVoice.ts;src/hooks/useVoice.ts;src/tools/ConfigTool/ConfigTool.ts"
"M","src/services/voiceKeyterms.ts","yes","1","1","0","0","0","KEEP_MAINLINE_IMPORTED_UTILITY","src/hooks/useVoice.ts"
"M","src/services/voiceStreamSTT.ts","yes","3","3","0","0","0","KEEP_MAINLINE_IMPORTED_UTILITY","src/commands/voice/voice.ts;src/hooks/useVoice.ts;src/tools/ConfigTool/ConfigTool.ts"
"M","src/utils/advisor.ts","yes","8","8","0","0","0","KEEP_MAINLINE_IMPORTED_UTILITY","src/commands/advisor.ts;src/components/Message.tsx;src/components/Messages.tsx;src/components/messages/AdvisorMessage.tsx;src/cost-tracker.ts;src/main.tsx;src/services/api/dsxuTransport.ts;src/utils/messages.ts"
"M","src/utils/analyzeContext.ts","yes","6","6","0","0","0","KEEP_MAINLINE_IMPORTED_UTILITY","src/commands/context/context-noninteractive.ts;src/commands/context/context.tsx;src/components/ContextVisualization.tsx;src/utils/contextSuggestions.ts;src/utils/doctorContextWarnings.ts;src/utils/toolSearch.ts"
"M","src/utils/asciicast.ts","yes","4","4","0","0","0","KEEP_MAINLINE_IMPORTED_UTILITY","src/main.tsx;src/screens/REPL.tsx;src/screens/ResumeConversation.tsx;src/utils/sessionRestore.ts"
"M","src/utils/attachments.ts","yes","23","23","0","0","0","KEEP_MAINLINE_IMPORTED_UTILITY","src/buddy/prompt.ts;src/components/DiagnosticsDisplay.tsx;src/components/messages/AttachmentMessage.tsx;src/components/messages/nullRenderingAttachments.ts;src/dsxu/integration/harness/task-notification-processing-v1-harness.ts;src/query.ts;src/query/stopHooks.ts;src/screens/REPL.tsx"
"M","src/utils/attribution.ts","yes","3","3","0","0","0","KEEP_MAINLINE_IMPORTED_UTILITY","src/commands/commit-push-pr.ts;src/commands/commit.ts;src/tools/BashTool/prompt.ts"
"M","src/utils/autoRunIssue.tsx","yes","1","1","0","0","0","KEEP_MAINLINE_IMPORTED_UTILITY","src/screens/REPL.tsx"
"M","src/utils/autoUpdater.ts","yes","14","14","0","0","0","KEEP_MAINLINE_IMPORTED_UTILITY","src/cli/update.ts;src/components/AutoUpdater.tsx;src/components/AutoUpdaterWrapper.tsx;src/components/NativeAutoUpdater.tsx;src/components/NativeAutoUpdater.tsx;src/components/PackageManagerAutoUpdater.tsx;src/components/PromptInput/Notifications.tsx;src/components/PromptInput/PromptInput.tsx"
"M","src/utils/background/remote/preconditions.ts","yes","4","4","0","0","0","KEEP_MAINLINE_IMPORTED_UTILITY","src/components/TeleportError.tsx;src/skills/bundled/scheduleRemoteAgents.ts;src/utils/background/remote/remoteSession.ts;src/utils/teleport.tsx"
"M","src/utils/background/remote/remoteSession.ts","yes","1","1","0","0","0","KEEP_MAINLINE_IMPORTED_UTILITY","src/tasks/RemoteAgentTask/RemoteAgentTask.tsx"
"M","src/utils/backgroundHousekeeping.ts","yes","2","2","0","0","0","KEEP_MAINLINE_IMPORTED_UTILITY","src/main.tsx;src/screens/REPL.tsx"
"M","src/utils/bash/ast.ts","yes","3","3","0","0","0","KEEP_MAINLINE_IMPORTED_UTILITY","src/tools/BashTool/BashTool.tsx;src/tools/BashTool/bashPermissions.ts;src/tools/BashTool/pathValidation.ts"
"M","src/utils/bash/bashParser.ts","yes","2","2","0","0","0","KEEP_MAINLINE_IMPORTED_UTILITY","src/utils/bash/ast.ts;src/utils/bash/parser.ts"
"M","src/utils/bash/commands.ts","yes","14","14","0","0","0","KEEP_MAINLINE_IMPORTED_UTILITY","src/components/permissions/BashPermissionRequest/bashToolUseOptions.tsx;src/components/permissions/hooks.ts;src/tools/BashTool/BashTool.tsx;src/tools/BashTool/bashCommandHelpers.ts;src/tools/BashTool/bashPermissions.ts;src/tools/BashTool/commandSemantics.ts;src/tools/BashTool/modeValidation.ts;src/tools/BashTool/pathValidation.ts"
"M","src/utils/bash/heredoc.ts","yes","2","2","0","0","0","KEEP_MAINLINE_IMPORTED_UTILITY","src/tools/BashTool/bashSecurity.ts;src/utils/bash/commands.ts"
"M","src/utils/bash/ParsedCommand.ts","yes","2","2","0","0","0","KEEP_MAINLINE_IMPORTED_UTILITY","src/tools/BashTool/bashCommandHelpers.ts;src/tools/BashTool/bashSecurity.ts"
"M","src/utils/bash/parser.ts","yes","8","8","0","0","0","KEEP_MAINLINE_IMPORTED_UTILITY","src/tools/BashTool/bashCommandHelpers.ts;src/tools/BashTool/bashPermissions.ts;src/utils/bash/ParsedCommand.ts;src/utils/bash/ParsedCommand.ts;src/utils/bash/ParsedCommand.ts;src/utils/bash/ast.ts;src/utils/bash/ast.ts;src/utils/bash/prefix.ts"
"M","src/utils/bash/ShellSnapshot.ts","yes","1","1","0","0","0","KEEP_MAINLINE_IMPORTED_UTILITY","src/utils/shell/bashProvider.ts"
"M","src/utils/bash/treeSitterAnalysis.ts","yes","2","2","0","0","0","KEEP_MAINLINE_IMPORTED_UTILITY","src/tools/BashTool/bashSecurity.ts;src/utils/bash/ParsedCommand.ts"
"M","src/utils/betas.ts","yes","15","15","0","0","0","KEEP_MAINLINE_IMPORTED_UTILITY","src/services/auth/dsxuProviderAuth.ts;src/cli/print.ts;src/commands/logout/logout.tsx;src/constants/prompts.ts;src/main.tsx;src/services/analytics/metadata.ts;src/services/api/dsxuTransport.ts;src/services/api/dsxuTransport.ts"
"M","src/utils/cleanup.ts","yes","1","1","0","0","0","KEEP_MAINLINE_IMPORTED_UTILITY","src/utils/backgroundHousekeeping.ts"
"M","src/utils/collapseReadSearch.ts","yes","8","8","0","0","0","KEEP_MAINLINE_IMPORTED_UTILITY","src/components/MessageRow.tsx;src/components/Messages.tsx;src/components/Spinner/TeammateSpinnerLine.tsx;src/components/TaskListV2.tsx;src/components/messages/CollapsedReadSearchContent.tsx;src/components/tasks/taskStatusUtils.tsx;src/tasks/LocalAgentTask/LocalAgentTask.tsx;src/tools/AgentTool/UI.tsx"
"M","src/utils/commitAttribution.ts","yes","12","12","0","0","0","KEEP_MAINLINE_IMPORTED_UTILITY","src/QueryEngine.ts;src/Tool.ts;src/cli/print.ts;src/main.tsx;src/screens/REPL.tsx;src/screens/REPL.tsx;src/setup.ts;src/state/AppStateStore.ts"
"M","src/utils/computerUse/computerUseLock.ts","yes","2","2","0","0","0","KEEP_MAINLINE_IMPORTED_UTILITY","src/utils/computerUse/cleanup.ts;src/utils/computerUse/wrapper.tsx"
"M","src/utils/computerUse/executor.ts","yes","2","2","0","0","0","KEEP_MAINLINE_IMPORTED_UTILITY","src/utils/computerUse/cleanup.ts;src/utils/computerUse/hostAdapter.ts"
"M","src/utils/computerUse/gates.ts","yes","5","5","0","0","0","KEEP_MAINLINE_IMPORTED_UTILITY","src/main.tsx;src/utils/computerUse/hostAdapter.ts;src/utils/computerUse/mcpServer.ts;src/utils/computerUse/setup.ts;src/utils/computerUse/wrapper.tsx"
"M","src/utils/computerUse/wrapper.tsx","yes","2","2","0","0","0","KEEP_MAINLINE_IMPORTED_UTILITY","src/services/mcp/client.ts;src/services/mcp/client.ts"
"M","src/utils/concurrentSessions.ts","yes","7","7","0","0","0","KEEP_MAINLINE_IMPORTED_UTILITY","src/commands/exit/exit.tsx;src/main.tsx;src/screens/REPL.tsx;src/screens/ResumeConversation.tsx;src/services/tips/tipRegistry.ts;src/utils/sessionRestore.ts;src/utils/sessionStorage.ts"
"M","src/utils/config.ts","yes","187","187","0","0","0","KEEP_MAINLINE_IMPORTED_UTILITY","src/services/analytics/featureFlags.ts;src/services/auth/dsxuBillingAccess.ts;src/services/auth/dsxuProviderAuth.ts;src/services/mcp/providerConnectorMigration.ts;src/utils/model/providerMigration/providerMigrationContext.ts;src/utils/model/providerMigration/providerMigrationModelOptions.ts;src/QueryEngine.ts;src/buddy/CompanionSprite.tsx"
"M","src/utils/context.ts","yes","18","18","0","0","0","KEEP_MAINLINE_IMPORTED_UTILITY","src/utils/model/providerMigration/providerMigrationBetas.ts;src/utils/model/providerMigration/providerMigrationModel.ts;src/utils/model/providerMigration/providerMigrationModelOptions.ts;src/components/StatusLine.tsx;src/components/permissions/ExitPlanModePermissionRequest/ExitPlanModePermissionRequest.tsx;src/cost-tracker.ts;src/main.tsx;src/query.ts"
"M","src/utils/conversationRecovery.ts","yes","8","8","0","0","0","KEEP_MAINLINE_IMPORTED_UTILITY","src/cli/print.ts;src/components/TeleportResumeWrapper.tsx;src/dialogLaunchers.tsx;src/hooks/useTeleportResume.tsx;src/main.tsx;src/screens/REPL.tsx;src/screens/ResumeConversation.tsx;src/utils/teleport.tsx"
"M","src/utils/cron.ts","yes","4","4","0","0","0","KEEP_MAINLINE_IMPORTED_UTILITY","src/tools/ScheduleCronTool/CronCreateTool.ts;src/tools/ScheduleCronTool/CronListTool.ts;src/utils/cronScheduler.ts;src/utils/cronTasks.ts"
"M","src/utils/cronJitterConfig.ts","yes","3","3","0","0","0","KEEP_MAINLINE_IMPORTED_UTILITY","src/cli/print.ts;src/cli/print.ts;src/hooks/useScheduledTasks.ts"
"M","src/utils/cronScheduler.ts","yes","4","4","0","0","0","KEEP_MAINLINE_IMPORTED_UTILITY","src/cli/print.ts;src/cli/print.ts;src/cli/print.ts;src/hooks/useScheduledTasks.ts"
"M","src/utils/crossProjectResume.ts","yes","2","2","0","0","0","KEEP_MAINLINE_IMPORTED_UTILITY","src/commands/resume/resume.tsx;src/screens/ResumeConversation.tsx"
"M","src/utils/Cursor.ts","yes","7","7","0","0","0","KEEP_MAINLINE_IMPORTED_UTILITY","src/components/PromptInput/PromptInput.tsx;src/hooks/useSearchInput.ts;src/hooks/useTextInput.ts;src/hooks/useVimInput.ts;src/vim/motions.ts;src/vim/operators.ts;src/vim/textObjects.ts"
"M","src/utils/cwd.ts","yes","106","105","1","0","0","KEEP_MAINLINE_IMPORTED_UTILITY","src/QueryEngine.ts;src/cli/handlers/agents.ts;src/cli/print.ts;src/commands/export/export.tsx;src/commands/files/files.ts;src/commands/ide/ide.tsx;src/components/DiagnosticsDisplay.tsx;src/components/ExportDialog.tsx"
"M","src/utils/debug.ts","yes","349","349","0","0","0","KEEP_MAINLINE_IMPORTED_UTILITY","src/services/analytics/featureFlags.ts;src/services/auth/dsxuProviderAuth.ts;src/services/bridge/dsxuRemoteSessionCoordinator.ts;src/services/bridge/dsxuSdkMessageProjection.ts;src/services/mcp/providerConnectorMigration.ts;src/assistant/sessionHistory.ts;src/cli/handlers/auth.ts;src/cli/print.ts"
"M","src/utils/debugFilter.ts","yes","1","1","0","0","0","KEEP_MAINLINE_IMPORTED_UTILITY","src/utils/debug.ts"
"M","src/utils/deepLink/banner.ts","yes","2","2","0","0","0","KEEP_MAINLINE_IMPORTED_UTILITY","src/main.tsx;src/utils/deepLink/protocolHandler.ts"
"M","src/utils/deepLink/registerProtocol.ts","yes","3","3","0","0","0","KEEP_MAINLINE_IMPORTED_UTILITY","src/utils/backgroundHousekeeping.ts;src/utils/backgroundHousekeeping.ts;src/utils/deepLink/protocolHandler.ts"
"M","src/utils/deepLink/terminalLauncher.ts","yes","1","1","0","0","0","KEEP_MAINLINE_IMPORTED_UTILITY","src/utils/deepLink/protocolHandler.ts"
"D","src/utils/desktopDeepLink.ts","no","0","0","0","0","0","DELETE_STATE_REVIEW_KEEP_DELETED",""
"M","src/utils/detectRepository.ts","yes","11","11","0","0","0","KEEP_MAINLINE_IMPORTED_UTILITY","src/commands/review/reviewRemote.ts;src/components/ResumeTask.tsx;src/entrypoints/init.ts;src/skills/bundled/scheduleRemoteAgents.ts;src/utils/background/remote/preconditions.ts;src/utils/background/remote/remoteSession.ts;src/utils/git.ts;src/utils/gitDiff.ts"
"M","src/utils/diagLogs.ts","yes","28","28","0","0","0","KEEP_MAINLINE_IMPORTED_UTILITY","src/cli/print.ts;src/cli/remoteIO.ts;src/cli/structuredIO.ts;src/cli/transports/HybridTransport.ts;src/cli/transports/SSETransport.ts;src/cli/transports/WebSocketTransport.ts;src/cli/transports/ccrClient.ts;src/context.ts"
"M","src/utils/doctorContextWarnings.ts","yes","1","1","0","0","0","KEEP_MAINLINE_IMPORTED_UTILITY","src/screens/Doctor.tsx"
"M","src/utils/doctorDiagnostic.ts","yes","7","7","0","0","0","KEEP_MAINLINE_IMPORTED_UTILITY","src/cli/update.ts;src/components/AutoUpdater.tsx;src/components/AutoUpdaterWrapper.tsx;src/hooks/notifs/useNpmDeprecationNotification.tsx;src/screens/Doctor.tsx;src/utils/nativeInstaller/installer.ts;src/utils/status.tsx"
"M","src/utils/dsxuCodeHints.ts","yes","4","4","0","0","0","KEEP_MAINLINE_IMPORTED_UTILITY","src/hooks/useDsxuCodeHintRecommendation.tsx;src/tools/BashTool/BashTool.tsx;src/tools/PowerShellTool/PowerShellTool.tsx;src/utils/plugins/hintRecommendation.ts"
"M","src/utils/effort.ts","yes","27","27","0","0","0","KEEP_MAINLINE_IMPORTED_UTILITY","src/cli/print.ts;src/commands/effort/effort.tsx;src/commands/model/model.tsx;src/components/EffortCallout.tsx;src/components/EffortCallout.tsx;src/components/EffortIndicator.ts;src/components/LogoV2/CondensedLogo.tsx;src/components/LogoV2/LogoV2.tsx"
"M","src/utils/embeddedTools.ts","yes","10","10","0","0","0","KEEP_MAINLINE_IMPORTED_UTILITY","src/constants/prompts.ts;src/memdir/memdir.ts;src/tools.ts;src/tools/AgentTool/built-in/dsxuCodeGuideAgent.ts;src/tools/AgentTool/built-in/exploreAgent.ts;src/tools/AgentTool/built-in/planAgent.ts;src/tools/AgentTool/prompt.ts;src/tools/BashTool/prompt.ts"
"M","src/utils/env.ts","yes","38","38","0","0","0","KEEP_MAINLINE_IMPORTED_UTILITY","src/commands/chrome/chrome.tsx;src/commands/install.tsx;src/commands/terminalSetup/index.ts;src/commands/terminalSetup/terminalSetup.tsx;src/components/Feedback.tsx;src/components/IdeOnboardingDialog.tsx;src/components/LogoV2/WelcomeV2.tsx;src/components/Onboarding.tsx"
"??","src/utils/envCompat.ts","yes","1","1","0","0","0","KEEP_MAINLINE_IMPORTED_UTILITY","src/utils/envUtils.ts"
"M","src/utils/envDynamic.ts","yes","7","7","0","0","0","KEEP_MAINLINE_IMPORTED_UTILITY","src/components/IdeOnboardingDialog.tsx;src/entrypoints/init.ts;src/services/analytics/metadata.ts;src/setup.ts;src/utils/ide.ts;src/utils/nativeInstaller/installer.ts;src/utils/telemetryAttributes.ts"
"M","src/utils/envUtils.ts","yes","330","330","0","0","0","KEEP_MAINLINE_IMPORTED_UTILITY","src/migrations/providerMigrationModelMigrations.ts;src/services/analytics/featureFlags.ts;src/services/auth/dsxuBillingAccess.ts;src/services/auth/dsxuProviderAuth.ts;src/services/mcp/providerConnectorMigration.ts;src/utils/model/providerMigration/providerMigrationAgentModel.ts;src/utils/model/providerMigration/providerMigrationBetas.ts;src/utils/model/providerMigration/providerMigrationContext.ts"
"M","src/utils/errorLogSink.ts","yes","1","1","0","0","0","KEEP_MAINLINE_IMPORTED_UTILITY","src/utils/sinks.ts"
"M","src/utils/errors.ts","yes","233","232","1","0","0","KEEP_MAINLINE_IMPORTED_UTILITY","src/services/analytics/featureFlags.ts;src/services/auth/dsxuProviderAuth.ts;src/cli/handlers/auth.ts;src/cli/handlers/autoMode.ts;src/cli/handlers/mcp.tsx;src/cli/handlers/plugins.ts;src/cli/print.ts;src/cli/remoteIO.ts"
"M","src/utils/exportRenderer.tsx","yes","2","2","0","0","0","KEEP_MAINLINE_IMPORTED_UTILITY","src/commands/export/export.tsx;src/screens/REPL.tsx"
"M","src/utils/fastMode.ts","yes","16","16","0","0","0","KEEP_MAINLINE_IMPORTED_UTILITY","src/QueryEngine.ts;src/cli/print.ts;src/commands/fast/fast.tsx;src/commands/fast/index.ts;src/commands/model/model.tsx;src/components/ModelPicker.tsx;src/components/PromptInput/PromptInput.tsx;src/components/PromptInput/PromptInputHelpMenu.tsx"
"M","src/utils/file.ts","yes","57","57","0","0","0","KEEP_MAINLINE_IMPORTED_UTILITY","src/commands/thinkback/thinkback.tsx;src/components/ContextVisualization.tsx;src/components/HighlightedCode/Fallback.tsx;src/components/LogoV2/LogoV2.tsx;src/components/TeleportRepoMismatchDialog.tsx;src/components/diff/DiffDetailView.tsx;src/components/memory/MemoryFileSelector.tsx;src/components/messages/AttachmentMessage.tsx"
"M","src/utils/fileHistory.ts","yes","20","20","0","0","0","KEEP_MAINLINE_IMPORTED_UTILITY","src/QueryEngine.ts;src/Tool.ts;src/cli/print.ts;src/components/MessageSelector.tsx;src/hooks/useFileHistorySnapshotInit.ts;src/screens/REPL.tsx;src/screens/ResumeConversation.tsx;src/services/tips/tipRegistry.ts"
"M","src/utils/filePersistence/filePersistence.ts","yes","1","1","0","0","0","KEEP_MAINLINE_IMPORTED_UTILITY","src/cli/print.ts"
"M","src/utils/filePersistence/outputsScanner.ts","yes","2","2","0","0","0","KEEP_MAINLINE_IMPORTED_UTILITY","src/utils/filePersistence/filePersistence.ts;src/utils/plans.ts"
"M","src/utils/fullscreen.ts","yes","20","20","0","0","0","KEEP_MAINLINE_IMPORTED_UTILITY","src/buddy/CompanionSprite.tsx;src/components/FullscreenLayout.tsx;src/components/HighlightedCode.tsx;src/components/LogoV2/CondensedLogo.tsx;src/components/Message.tsx;src/components/Messages.tsx;src/components/PromptInput/PromptInput.tsx;src/components/PromptInput/PromptInputFooter.tsx"
"M","src/utils/genericProcessUtils.ts","yes","6","6","0","0","0","KEEP_MAINLINE_IMPORTED_UTILITY","src/services/autoDream/consolidationLock.ts;src/utils/concurrentSessions.ts;src/utils/cronTasksLock.ts;src/utils/envDynamic.ts;src/utils/ide.ts;src/utils/nativeInstaller/pidLock.ts"
"M","src/utils/getWorktreePathsPortable.ts","yes","2","2","0","0","0","KEEP_MAINLINE_IMPORTED_UTILITY","src/utils/listSessionsImpl.ts;src/utils/sessionStoragePortable.ts"
"M","src/utils/git.ts","yes","49","49","0","0","0","KEEP_MAINLINE_IMPORTED_UTILITY","src/commands/commit-push-pr.ts;src/commands/install-github-app/install-github-app.tsx;src/commands/review/reviewRemote.ts;src/components/BridgeDialog.tsx;src/components/Feedback.tsx;src/components/LogSelector.tsx;src/components/TeleportStash.tsx;src/components/TeleportStash.tsx"
"M","src/utils/git/gitFilesystem.ts","yes","7","7","0","0","0","KEEP_MAINLINE_IMPORTED_UTILITY","src/utils/commitAttribution.ts;src/utils/deepLink/banner.ts;src/utils/git.ts;src/utils/githubRepoPathMapping.ts;src/utils/plugins/installedPluginsManager.ts;src/utils/plugins/pluginVersioning.ts;src/utils/worktree.ts"
"M","src/utils/gitDiff.ts","yes","3","3","0","0","0","KEEP_MAINLINE_IMPORTED_UTILITY","src/hooks/useDiffData.ts;src/tools/FileEditTool/FileEditTool.ts;src/tools/FileWriteTool/FileWriteTool.ts"
"M","src/utils/gracefulShutdown.ts","yes","28","28","0","0","0","KEEP_MAINLINE_IMPORTED_UTILITY","src/cli/handlers/mcp.tsx;src/cli/print.ts;src/cli/remoteIO.ts;src/cli/update.ts;src/commands/exit/exit.tsx;src/commands/logout/logout.tsx;src/components/BypassPermissionsModeDialog.tsx;src/components/DevChannelsDialog.tsx"
"M","src/utils/handlePromptSubmit.ts","yes","3","3","0","0","0","KEEP_MAINLINE_IMPORTED_UTILITY","src/components/PromptInput/PromptInput.tsx;src/hooks/useCommandKeybindings.tsx;src/screens/REPL.tsx"
"M","src/utils/headlessProfiler.ts","yes","4","4","0","0","0","KEEP_MAINLINE_IMPORTED_UTILITY","src/QueryEngine.ts;src/cli/print.ts;src/query.ts;src/services/api/dsxuTransport.ts"
"M","src/utils/heapDumpService.ts","yes","1","1","0","0","0","KEEP_MAINLINE_IMPORTED_UTILITY","src/commands/heapdump/heapdump.ts"
"M","src/utils/hooks.ts","yes","32","31","1","0","0","KEEP_MAINLINE_IMPORTED_UTILITY","src/cli/print.ts;src/cli/structuredIO.ts;src/commands/compact/compact.ts;src/components/StatusLine.tsx;src/dsxu/engine/__tests__/v8-stop-hook-runtime-v1.test.ts;src/hooks/fileSuggestions.ts;src/hooks/toolPermission/PermissionContext.ts;src/query.ts"
"M","src/utils/hooks/AsyncHookRegistry.ts","yes","3","3","0","0","0","KEEP_MAINLINE_IMPORTED_UTILITY","src/cli/print.ts;src/utils/attachments.ts;src/utils/hooks.ts"
"M","src/utils/hooks/execPromptHook.ts","yes","1","1","0","0","0","KEEP_MAINLINE_IMPORTED_UTILITY","src/utils/hooks.ts"
"M","src/utils/hooks/hookEvents.ts","yes","4","4","0","0","0","KEEP_MAINLINE_IMPORTED_UTILITY","src/cli/print.ts;src/main.tsx;src/utils/hooks.ts;src/utils/hooks/AsyncHookRegistry.ts"
"M","src/utils/hooks/hooksConfigManager.ts","yes","3","3","0","0","0","KEEP_MAINLINE_IMPORTED_UTILITY","src/components/hooks/HooksConfigMenu.tsx;src/components/hooks/SelectEventMode.tsx;src/components/hooks/SelectHookMode.tsx"
"M","src/utils/hooks/hooksSettings.ts","yes","7","7","0","0","0","KEEP_MAINLINE_IMPORTED_UTILITY","src/components/hooks/HooksConfigMenu.tsx;src/components/hooks/SelectHookMode.tsx;src/components/hooks/SelectMatcherMode.tsx;src/components/hooks/ViewHookMode.tsx;src/utils/hooks.ts;src/utils/hooks/hooksConfigManager.ts;src/utils/hooks/sessionHooks.ts"
"M","src/utils/http.ts","yes","15","15","0","0","0","KEEP_MAINLINE_IMPORTED_UTILITY","src/services/analytics/featureFlags.ts;src/components/Feedback.tsx;src/components/FeedbackSurvey/submitTranscriptShare.ts;src/services/analytics/firstPartyEventLoggingExporter.ts;src/services/api/bootstrap.ts;src/services/api/client.ts;src/services/api/firstTokenDate.ts;src/services/api/grove.ts"
"M","src/utils/ide.ts","yes","27","27","0","0","0","KEEP_MAINLINE_IMPORTED_UTILITY","src/commands/ide/ide.tsx;src/commands/plan/plan.tsx;src/components/IdeAutoConnectDialog.tsx;src/components/IdeOnboardingDialog.tsx;src/components/PromptInput/Notifications.tsx;src/components/Settings/Config.tsx;src/components/ShowInIDEPrompt.tsx;src/components/permissions/AskUserQuestionPermissionRequest/PreviewQuestionView.tsx"
"M","src/utils/imagePaste.ts","yes","5","5","0","0","0","KEEP_MAINLINE_IMPORTED_UTILITY","src/components/CustomSelect/select-input-option.tsx;src/components/PromptInput/PromptInput.tsx;src/hooks/useClipboardImageHint.ts;src/hooks/usePasteHandler.ts;src/tools/BriefTool/attachments.ts"
"M","src/utils/immediateCommand.ts","yes","3","3","0","0","0","KEEP_MAINLINE_IMPORTED_UTILITY","src/commands/effort/index.ts;src/commands/fast/index.ts;src/commands/model/index.ts"
"M","src/utils/instructionFiles.ts","yes","2","2","0","0","0","KEEP_MAINLINE_IMPORTED_UTILITY","src/utils/dsxuInstructions.ts;src/utils/dsxuInstructions.ts"
"M","src/utils/jetbrains.ts","yes","2","2","0","0","0","KEEP_MAINLINE_IMPORTED_UTILITY","src/utils/ide.ts;src/utils/statusNoticeDefinitions.tsx"
"M","src/utils/listSessionsImpl.ts","yes","1","1","0","0","0","KEEP_MAINLINE_IMPORTED_UTILITY","src/services/autoDream/consolidationLock.ts"
"M","src/utils/localInstaller.ts","yes","6","6","0","0","0","KEEP_MAINLINE_IMPORTED_UTILITY","src/cli/update.ts;src/components/AutoUpdater.tsx;src/utils/bash/shellCompletion.ts;src/utils/doctorDiagnostic.ts;src/utils/nativeInstaller/installer.ts;src/utils/shellConfig.ts"
"M","src/utils/log.ts","yes","241","241","0","0","0","KEEP_MAINLINE_IMPORTED_UTILITY","src/services/analytics/featureFlags.ts;src/services/auth/dsxuProviderAuth.ts;src/services/bridge/dsxuRemoteSessionCoordinator.ts;src/QueryEngine.ts;src/cli/handlers/auth.ts;src/cli/handlers/plugins.ts;src/cli/print.ts;src/cli/remoteIO.ts"
"M","src/utils/logoV2Utils.ts","yes","3","3","0","0","0","KEEP_MAINLINE_IMPORTED_UTILITY","src/components/LogoV2/CondensedLogo.tsx;src/components/LogoV2/LogoV2.tsx;src/setup.ts"
"M","src/utils/managedEnv.ts","yes","4","4","0","0","0","KEEP_MAINLINE_IMPORTED_UTILITY","src/entrypoints/init.ts;src/interactiveHelpers.tsx;src/main.tsx;src/state/onChangeAppState.ts"
"M","src/utils/managedEnvConstants.ts","yes","3","3","0","0","0","KEEP_MAINLINE_IMPORTED_UTILITY","src/components/ManagedSettingsSecurityDialog/utils.ts;src/components/TrustDialog/utils.ts;src/utils/managedEnv.ts"
"M","src/utils/markdownConfigLoader.ts","yes","9","9","0","0","0","KEEP_MAINLINE_IMPORTED_UTILITY","src/commands/security-review.ts;src/hooks/fileSuggestions.ts;src/outputStyles/loadOutputStylesDir.ts;src/skills/loadSkillsDir.ts;src/tools/AgentTool/loadAgentsDir.ts;src/tools/WorkflowTool/registry.ts;src/utils/plugins/loadPluginAgents.ts;src/utils/plugins/loadPluginCommands.ts"
"M","src/utils/memoize.ts","yes","9","9","0","0","0","KEEP_MAINLINE_IMPORTED_UTILITY","src/services/auth/dsxuProviderAuth.ts;src/services/api/metricsOptOut.ts;src/services/mcp/client.ts;src/utils/bash/registry.ts;src/utils/git.ts;src/utils/json.ts;src/utils/powershell/parser.ts;src/utils/shell/prefix.ts"
"M","src/utils/memoryFileDetection.ts","yes","4","4","0","0","0","KEEP_MAINLINE_IMPORTED_UTILITY","src/components/FeedbackSurvey/useMemorySurvey.tsx;src/tools/FileReadTool/FileReadTool.ts;src/utils/collapseReadSearch.ts;src/utils/sessionFileAccessHooks.ts"
"M","src/utils/nativeInstaller/download.ts","yes","1","1","0","0","0","KEEP_MAINLINE_IMPORTED_UTILITY","src/utils/nativeInstaller/installer.ts"
"M","src/utils/nativeInstaller/installer.ts","yes","2","2","0","0","0","KEEP_MAINLINE_IMPORTED_UTILITY","src/utils/nativeInstaller/download.ts;src/utils/nativeInstaller/index.ts"
"M","src/utils/nativeInstaller/pidLock.ts","yes","2","2","0","0","0","KEEP_MAINLINE_IMPORTED_UTILITY","src/screens/Doctor.tsx;src/utils/nativeInstaller/installer.ts"
"M","src/utils/path.ts","yes","37","36","1","0","0","KEEP_MAINLINE_IMPORTED_UTILITY","src/cli/print.ts;src/commands/add-dir/validation.ts;src/components/permissions/FilePermissionDialog/FilePermissionDialog.tsx;src/components/permissions/FilePermissionDialog/permissionOptions.tsx;src/dsxu/engine/__tests__/query-message-shape-guard-v1.test.ts;src/hooks/fileSuggestions.ts;src/hooks/useDiffInIDE.ts;src/memdir/paths.ts"
"M","src/utils/pdf.ts","yes","2","2","0","0","0","KEEP_MAINLINE_IMPORTED_UTILITY","src/tools/FileReadTool/FileReadTool.ts;src/utils/attachments.ts"
"M","src/utils/pdfUtils.ts","yes","3","3","0","0","0","KEEP_MAINLINE_IMPORTED_UTILITY","src/tools/FileReadTool/FileReadTool.ts;src/tools/FileReadTool/prompt.ts;src/utils/attachments.ts"
"M","src/utils/peerAddress.ts","yes","1","1","0","0","0","KEEP_MAINLINE_IMPORTED_UTILITY","src/tools/SendMessageTool/SendMessageTool.ts"
"M","src/utils/planModeV2.ts","yes","7","7","0","0","0","KEEP_MAINLINE_IMPORTED_UTILITY","src/components/permissions/AskUserQuestionPermissionRequest/AskUserQuestionPermissionRequest.tsx;src/components/permissions/EnterPlanModePermissionRequest/EnterPlanModePermissionRequest.tsx;src/components/permissions/ExitPlanModePermissionRequest/ExitPlanModePermissionRequest.tsx;src/tools/EnterPlanModeTool/EnterPlanModeTool.ts;src/tools/EnterPlanModeTool/prompt.ts;src/utils/messages.ts;src/utils/messages.ts"
"M","src/utils/powershell/dangerousCmdlets.ts","yes","3","3","0","0","0","KEEP_MAINLINE_IMPORTED_UTILITY","src/dsxu/engine/v18-shell-gate.ts;src/tools/PowerShellTool/powershellSecurity.ts;src/utils/powershell/staticPrefix.ts"
"M","src/utils/powershell/parser.ts","yes","12","12","0","0","0","KEEP_MAINLINE_IMPORTED_UTILITY","src/tools/PowerShellTool/gitSafety.ts;src/tools/PowerShellTool/modeValidation.ts;src/tools/PowerShellTool/modeValidation.ts;src/tools/PowerShellTool/pathValidation.ts;src/tools/PowerShellTool/pathValidation.ts;src/tools/PowerShellTool/powershellPermissions.ts;src/tools/PowerShellTool/powershellSecurity.ts;src/tools/PowerShellTool/powershellSecurity.ts"
"M","src/utils/powershell/staticPrefix.ts","yes","1","1","0","0","0","KEEP_MAINLINE_IMPORTED_UTILITY","src/components/permissions/PowerShellPermissionRequest/PowerShellPermissionRequest.tsx"
"M","src/utils/preflightChecks.tsx","yes","1","1","0","0","0","KEEP_MAINLINE_IMPORTED_UTILITY","src/components/Onboarding.tsx"
"M","src/utils/privacyLevel.ts","yes","15","15","0","0","0","KEEP_MAINLINE_IMPORTED_UTILITY","src/commands/feedback/index.ts;src/components/Feedback.tsx;src/services/analytics/config.ts;src/services/api/bootstrap.ts;src/services/api/grove.ts;src/services/api/metricsOptOut.ts;src/services/api/overageCreditGrant.ts;src/services/api/referral.ts"
"M","src/utils/processUserInput/processSlashCommand.tsx","yes","4","4","0","0","0","KEEP_MAINLINE_IMPORTED_UTILITY","src/tools/AgentTool/runAgent.ts;src/tools/SkillTool/SkillTool.ts;src/utils/processUserInput/processUserInput.ts;src/utils/processUserInput/processUserInput.ts"
"M","src/utils/processUserInput/processTextPrompt.ts","yes","1","1","0","0","0","KEEP_MAINLINE_IMPORTED_UTILITY","src/utils/processUserInput/processUserInput.ts"
"M","src/utils/promptEditor.ts","yes","12","12","0","0","0","KEEP_MAINLINE_IMPORTED_UTILITY","src/commands/keybindings/keybindings.ts;src/commands/memory/memory.tsx;src/commands/plan/plan.tsx;src/components/PromptInput/PromptInput.tsx;src/components/agents/AgentEditor.tsx;src/components/agents/new-agent-creation/wizard-steps/ConfirmStepWrapper.tsx;src/components/agents/new-agent-creation/wizard-steps/DescriptionStep.tsx;src/components/agents/new-agent-creation/wizard-steps/GenerateStep.tsx"
"M","src/utils/queryContext.ts","yes","2","2","0","0","0","KEEP_MAINLINE_IMPORTED_UTILITY","src/QueryEngine.ts;src/cli/print.ts"
"M","src/utils/QueryGuard.ts","yes","3","3","0","0","0","KEEP_MAINLINE_IMPORTED_UTILITY","src/hooks/useQueueProcessor.ts;src/screens/REPL.tsx;src/utils/handlePromptSubmit.ts"
"M","src/utils/queryHelpers.ts","yes","5","5","0","0","0","KEEP_MAINLINE_IMPORTED_UTILITY","src/QueryEngine.ts;src/cli/print.ts;src/cli/print.ts;src/screens/REPL.tsx;src/services/PromptSuggestion/speculation.ts"
"M","src/utils/queryProfiler.ts","yes","6","6","0","0","0","KEEP_MAINLINE_IMPORTED_UTILITY","src/cli/print.ts;src/query.ts;src/screens/REPL.tsx;src/services/api/dsxuTransport.ts;src/utils/handlePromptSubmit.ts;src/utils/processUserInput/processUserInput.ts"
"M","src/utils/queueProcessor.ts","yes","2","2","0","0","0","KEEP_MAINLINE_IMPORTED_UTILITY","src/dsxu/integration/harness/task-notification-processing-v1-harness.ts;src/hooks/useQueueProcessor.ts"
"M","src/utils/readFileInRange.ts","yes","5","5","0","0","0","KEEP_MAINLINE_IMPORTED_UTILITY","src/components/GlobalSearchDialog.tsx;src/components/QuickOpenDialog.tsx;src/memdir/memoryScan.ts;src/tools/FileReadTool/FileReadTool.ts;src/utils/attachments.ts"
"M","src/utils/releaseNotes.ts","yes","5","5","0","0","0","KEEP_MAINLINE_IMPORTED_UTILITY","src/commands/release-notes/release-notes.ts;src/components/LogoV2/LogoV2.tsx;src/main.tsx;src/setup.ts;src/utils/logoV2Utils.ts"
"M","src/utils/ripgrep.ts","yes","11","11","0","0","0","KEEP_MAINLINE_IMPORTED_UTILITY","src/components/GlobalSearchDialog.tsx;src/hooks/fileSuggestions.ts;src/main.tsx;src/tools/GrepTool/GrepTool.ts;src/utils/api.ts;src/utils/bash/ShellSnapshot.ts;src/utils/doctorDiagnostic.ts;src/utils/glob.ts"
"M","src/utils/sandbox/sandbox-adapter.ts","yes","36","36","0","0","0","KEEP_MAINLINE_IMPORTED_UTILITY","src/cli/print.ts;src/commands/add-dir/add-dir.tsx;src/commands/sandbox-toggle/index.ts;src/commands/sandbox-toggle/sandbox-toggle.tsx;src/components/LogoV2/LogoV2.tsx;src/components/PromptInput/SandboxPromptFooterHint.tsx;src/components/SandboxViolationExpandedView.tsx;src/components/SandboxViolationExpandedView.tsx"
"M","src/utils/secureStorage/keychainPrefetch.ts","yes","2","2","0","0","0","KEEP_MAINLINE_IMPORTED_UTILITY","src/services/auth/dsxuProviderAuth.ts;src/main.tsx"
"M","src/utils/secureStorage/macOsKeychainHelpers.ts","yes","6","6","0","0","0","KEEP_MAINLINE_IMPORTED_UTILITY","src/services/auth/dsxuProviderAuth.ts;src/services/mcp/auth.ts;src/services/mcp/client.ts;src/utils/authPortable.ts;src/utils/secureStorage/keychainPrefetch.ts;src/utils/secureStorage/macOsKeychainStorage.ts"
"M","src/utils/secureStorage/macOsKeychainStorage.ts","yes","2","2","0","0","0","KEEP_MAINLINE_IMPORTED_UTILITY","src/components/messages/AssistantTextMessage.tsx;src/utils/secureStorage/index.ts"
"M","src/utils/sessionActivity.ts","yes","5","5","0","0","0","KEEP_MAINLINE_IMPORTED_UTILITY","src/cli/transports/WebSocketTransport.ts;src/cli/transports/ccrClient.ts;src/services/api/dsxuTransport.ts;src/services/compact/compact.ts;src/services/tools/toolExecution.ts"
"M","src/utils/sessionEnvironment.ts","yes","5","5","0","0","0","KEEP_MAINLINE_IMPORTED_UTILITY","src/utils/Shell.ts;src/utils/hooks.ts;src/utils/hooks/AsyncHookRegistry.ts;src/utils/hooks/fileChangedWatcher.ts;src/utils/shell/bashProvider.ts"
"M","src/utils/sessionEnvVars.ts","yes","2","2","0","0","0","KEEP_MAINLINE_IMPORTED_UTILITY","src/utils/shell/bashProvider.ts;src/utils/shell/powershellProvider.ts"
"M","src/utils/sessionRestore.ts","yes","4","4","0","0","0","KEEP_MAINLINE_IMPORTED_UTILITY","src/cli/print.ts;src/main.tsx;src/screens/REPL.tsx;src/screens/ResumeConversation.tsx"
"M","src/utils/sessionStart.ts","yes","6","6","0","0","0","KEEP_MAINLINE_IMPORTED_UTILITY","src/cli/print.ts;src/main.tsx;src/screens/REPL.tsx;src/services/compact/compact.ts;src/services/compact/sessionMemoryCompact.ts;src/utils/conversationRecovery.ts"
"M","src/utils/sessionState.ts","yes","5","5","0","0","0","KEEP_MAINLINE_IMPORTED_UTILITY","src/cli/print.ts;src/cli/remoteIO.ts;src/cli/structuredIO.ts;src/cli/transports/ccrClient.ts;src/state/onChangeAppState.ts"
"M","src/utils/sessionStorage.ts","yes","67","67","0","0","0","KEEP_MAINLINE_IMPORTED_UTILITY","src/QueryEngine.ts;src/cli/print.ts;src/cli/remoteIO.ts;src/commands/branch/branch.ts;src/commands/color/color.ts;src/commands/insights.ts;src/commands/rename/rename.ts;src/commands/resume/resume.tsx"
"M","src/utils/sessionStoragePortable.ts","yes","5","5","0","0","0","KEEP_MAINLINE_IMPORTED_UTILITY","src/utils/attribution.ts;src/utils/listSessionsImpl.ts;src/utils/listSessionsImpl.ts;src/utils/path.ts;src/utils/sessionStorage.ts"
"M","src/utils/sessionTitle.ts","yes","4","4","0","0","0","KEEP_MAINLINE_IMPORTED_UTILITY","src/cli/print.ts;src/commands/rename/generateSessionName.ts;src/hooks/useRemoteSession.ts;src/screens/REPL.tsx"
"M","src/utils/settings/applySettingsChange.ts","yes","2","2","0","0","0","KEEP_MAINLINE_IMPORTED_UTILITY","src/cli/print.ts;src/state/AppState.tsx"
"M","src/utils/settings/changeDetector.ts","yes","9","9","0","0","0","KEEP_MAINLINE_IMPORTED_UTILITY","src/cli/print.ts;src/commands/reload-plugins/reload-plugins.ts;src/commands/voice/voice.ts;src/hooks/useSettingsChange.ts;src/main.tsx;src/services/remoteManagedSettings/index.ts;src/tools/ConfigTool/ConfigTool.ts;src/utils/plugins/loadPluginHooks.ts"
"M","src/utils/settings/constants.ts","yes","52","52","0","0","0","KEEP_MAINLINE_IMPORTED_UTILITY","src/bootstrap/state.ts;src/commands.ts;src/commands/context/context-noninteractive.ts;src/commands/plugin/PluginSettings.tsx;src/components/ContextVisualization.tsx;src/components/RemoteEnvironmentDialog.tsx;src/components/agents/AgentsList.tsx;src/components/agents/AgentsMenu.tsx"
"M","src/utils/settings/internalWrites.ts","yes","3","3","0","0","0","KEEP_MAINLINE_IMPORTED_UTILITY","src/services/settingsSync/index.ts;src/utils/settings/changeDetector.ts;src/utils/settings/settings.ts"
"M","src/utils/settings/managedPath.ts","yes","10","10","0","0","0","KEEP_MAINLINE_IMPORTED_UTILITY","src/components/agents/agentFileUtils.ts;src/services/mcp/config.ts;src/skills/loadSkillsDir.ts;src/utils/config.ts;src/utils/doctorDiagnostic.ts;src/utils/markdownConfigLoader.ts;src/utils/sandbox/sandbox-adapter.ts;src/utils/settings/changeDetector.ts"
"M","src/utils/settings/mdm/constants.ts","yes","2","2","0","0","0","KEEP_MAINLINE_IMPORTED_UTILITY","src/utils/settings/mdm/rawRead.ts;src/utils/settings/mdm/settings.ts"
"M","src/utils/settings/permissionValidation.ts","yes","2","2","0","0","0","KEEP_MAINLINE_IMPORTED_UTILITY","src/utils/settings/types.ts;src/utils/settings/validation.ts"
"M","src/utils/settings/settings.ts","yes","138","138","0","0","0","KEEP_MAINLINE_IMPORTED_UTILITY","src/services/auth/dsxuProviderAuth.ts;src/utils/model/providerMigration/providerMigrationBetas.ts;src/utils/model/providerMigration/providerMigrationModel.ts;src/utils/model/providerMigration/providerMigrationModelOptions.ts;src/cli/handlers/auth.ts;src/cli/handlers/autoMode.ts;src/cli/print.ts;src/cli/update.ts"
"M","src/utils/settings/toolValidationConfig.ts","yes","1","1","0","0","0","KEEP_MAINLINE_IMPORTED_UTILITY","src/utils/settings/permissionValidation.ts"
"M","src/utils/settings/types.ts","yes","41","41","0","0","0","KEEP_MAINLINE_IMPORTED_UTILITY","src/bootstrap/state.ts;src/components/ManagedSettingsSecurityDialog/ManagedSettingsSecurityDialog.tsx;src/components/ManagedSettingsSecurityDialog/utils.ts;src/components/TrustDialog/utils.ts;src/hooks/useSettingsChange.ts;src/services/mcp/config.ts;src/services/remoteManagedSettings/index.ts;src/services/remoteManagedSettings/securityCheck.tsx"
"M","src/utils/Shell.ts","yes","13","13","0","0","0","KEEP_MAINLINE_IMPORTED_UTILITY","src/QueryEngine.ts;src/components/WorktreeExitDialog.tsx;src/dsxu/engine/engine-tool-adapter.ts;src/entrypoints/mcp.ts;src/main.tsx;src/setup.ts;src/tools/BashTool/BashTool.tsx;src/tools/BashTool/utils.ts"
"M","src/utils/shell/prefix.ts","yes","1","1","0","0","0","KEEP_MAINLINE_IMPORTED_UTILITY","src/utils/bash/commands.ts"
"M","src/utils/shell/readOnlyCommandValidation.ts","yes","6","6","0","0","0","KEEP_MAINLINE_IMPORTED_UTILITY","src/tools/BashTool/readOnlyValidation.ts;src/tools/PowerShellTool/powershellPermissions.ts;src/tools/PowerShellTool/readOnlyValidation.ts;src/tools/PowerShellTool/readOnlyValidation.ts;src/utils/permissions/filesystem.ts;src/utils/permissions/pathValidation.ts"
"M","src/utils/ShellCommand.ts","yes","9","9","0","0","0","KEEP_MAINLINE_IMPORTED_UTILITY","src/tasks/LocalShellTask/LocalShellTask.tsx;src/tasks/LocalShellTask/guards.ts;src/tools/BashTool/BashTool.tsx;src/tools/PowerShellTool/PowerShellTool.tsx;src/utils/Shell.ts;src/utils/Shell.ts;src/utils/hooks.ts;src/utils/hooks.ts"
"M","src/utils/shellConfig.ts","yes","3","3","0","0","0","KEEP_MAINLINE_IMPORTED_UTILITY","src/utils/autoUpdater.ts;src/utils/doctorDiagnostic.ts;src/utils/nativeInstaller/installer.ts"
"M","src/utils/sideQuery.ts","yes","7","7","0","0","0","KEEP_MAINLINE_IMPORTED_UTILITY","src/cli/handlers/autoMode.ts;src/memdir/findRelevantMemories.ts;src/utils/agenticSessionSearch.ts;src/utils/dsxuBrowserProvider/mcpServer.ts;src/utils/model/validateModel.ts;src/utils/permissions/permissionExplainer.ts;src/utils/permissions/yoloClassifier.ts"
"M","src/utils/sleep.ts","yes","34","34","0","0","0","KEEP_MAINLINE_IMPORTED_UTILITY","src/services/auth/dsxuProviderAuth.ts;src/cli/print.ts;src/cli/transports/SSETransport.ts;src/cli/transports/WorkerStateUploader.ts;src/cli/transports/ccrClient.ts;src/components/VirtualMessageList.tsx;src/history.ts;src/hooks/useVoice.ts"
"M","src/utils/slowOperations.ts","yes","198","198","0","0","0","KEEP_MAINLINE_IMPORTED_UTILITY","src/services/analytics/featureFlags.ts;src/services/auth/dsxuProviderAuth.ts;src/services/bridge/remotePermissionProjection.ts;src/tools/RemoteTriggerTool/providerMigrationRemoteTriggerProvider.ts;src/cli/handlers/auth.ts;src/cli/handlers/autoMode.ts;src/cli/handlers/plugins.ts;src/cli/ndjsonSafeStringify.ts"
"M","src/utils/startupProfiler.ts","yes","10","10","0","0","0","KEEP_MAINLINE_IMPORTED_UTILITY","src/components/LogoV2/LogoV2.tsx;src/entrypoints/cli.tsx;src/entrypoints/init.ts;src/main.tsx;src/services/analytics/firstPartyEventLogger.ts;src/setup.ts;src/utils/gracefulShutdown.ts;src/utils/settings/mdm/settings.ts"
"M","src/utils/stats.ts","yes","3","3","0","0","0","KEEP_MAINLINE_IMPORTED_UTILITY","src/components/Stats.tsx;src/utils/heatmap.ts;src/utils/statsCache.ts"
"M","src/utils/statsCache.ts","yes","2","2","0","0","0","KEEP_MAINLINE_IMPORTED_UTILITY","src/utils/heatmap.ts;src/utils/stats.ts"
"M","src/utils/status.tsx","yes","2","2","0","0","0","KEEP_MAINLINE_IMPORTED_UTILITY","src/cli/handlers/auth.ts;src/components/Settings/Status.tsx"
"M","src/utils/statusNoticeDefinitions.tsx","yes","1","1","0","0","0","KEEP_MAINLINE_IMPORTED_UTILITY","src/components/StatusNotices.tsx"
"M","src/utils/streamJsonStdoutGuard.ts","yes","1","1","0","0","0","KEEP_MAINLINE_IMPORTED_UTILITY","src/cli/print.ts"
"M","src/utils/subprocessEnv.ts","yes","6","5","1","0","0","KEEP_MAINLINE_IMPORTED_UTILITY","src/dsxu/engine/__tests__/subprocess-encoding-boundary-v1.test.ts;src/services/lsp/LSPClient.ts;src/services/mcp/client.ts;src/utils/Shell.ts;src/utils/bash/ShellSnapshot.ts;src/utils/hooks.ts"
"M","src/utils/suggestions/commandSuggestions.ts","yes","2","2","0","0","0","KEEP_MAINLINE_IMPORTED_UTILITY","src/components/PromptInput/PromptInput.tsx;src/hooks/useTypeahead.tsx"
"M","src/utils/swarm/backends/detection.ts","yes","11","11","0","0","0","KEEP_MAINLINE_IMPORTED_UTILITY","src/components/PromptInput/useSwarmBanner.ts;src/components/teams/TeamsDialog.tsx;src/hooks/useInboxPoller.ts;src/tools/shared/spawnMultiAgent.ts;src/utils/swarm/backends/ITermBackend.ts;src/utils/swarm/backends/PaneBackendExecutor.ts;src/utils/swarm/backends/TmuxBackend.ts;src/utils/swarm/backends/registry.ts"
"M","src/utils/swarm/backends/InProcessBackend.ts","yes","1","1","0","0","0","KEEP_MAINLINE_IMPORTED_UTILITY","src/utils/swarm/backends/registry.ts"
"M","src/utils/swarm/backends/ITermBackend.ts","yes","1","1","0","0","0","KEEP_MAINLINE_IMPORTED_UTILITY","src/utils/swarm/backends/registry.ts"
"M","src/utils/swarm/backends/PaneBackendExecutor.ts","yes","1","1","0","0","0","KEEP_MAINLINE_IMPORTED_UTILITY","src/utils/swarm/backends/registry.ts"
"M","src/utils/swarm/backends/registry.ts","yes","11","11","0","0","0","KEEP_MAINLINE_IMPORTED_UTILITY","src/components/PromptInput/PromptInput.tsx;src/components/PromptInput/PromptInputFooterLeftSide.tsx;src/components/PromptInput/useSwarmBanner.ts;src/components/teams/TeamsDialog.tsx;src/hooks/useInboxPoller.ts;src/tools/TeamCreateTool/TeamCreateTool.ts;src/tools/shared/spawnMultiAgent.ts;src/utils/swarm/backends/ITermBackend.ts"
"M","src/utils/swarm/inProcessRunner.ts","yes","2","2","0","0","0","KEEP_MAINLINE_IMPORTED_UTILITY","src/tools/shared/spawnMultiAgent.ts;src/utils/swarm/backends/InProcessBackend.ts"
"M","src/utils/swarm/permissionSync.ts","yes","5","5","0","0","0","KEEP_MAINLINE_IMPORTED_UTILITY","src/hooks/toolPermission/handlers/swarmWorkerHandler.ts;src/hooks/useInboxPoller.ts;src/hooks/useSwarmPermissionPoller.ts;src/screens/REPL.tsx;src/utils/swarm/inProcessRunner.ts"
"M","src/utils/swarm/spawnInProcess.ts","yes","3","3","0","0","0","KEEP_MAINLINE_IMPORTED_UTILITY","src/tasks/InProcessTeammateTask/InProcessTeammateTask.tsx;src/tools/shared/spawnMultiAgent.ts;src/utils/swarm/backends/InProcessBackend.ts"
"M","src/utils/swarm/spawnUtils.ts","yes","2","2","0","0","0","KEEP_MAINLINE_IMPORTED_UTILITY","src/tools/shared/spawnMultiAgent.ts;src/utils/swarm/backends/PaneBackendExecutor.ts"
"M","src/utils/telemetry/betaSessionTracing.ts","yes","4","4","0","0","0","KEEP_MAINLINE_IMPORTED_UTILITY","src/entrypoints/init.ts;src/services/compact/postCompactCleanup.ts;src/utils/telemetry/instrumentation.ts;src/utils/telemetry/sessionTracing.ts"
"M","src/utils/telemetry/bigqueryExporter.ts","yes","1","1","0","0","0","KEEP_MAINLINE_IMPORTED_UTILITY","src/utils/telemetry/instrumentation.ts"
"M","src/utils/telemetry/events.ts","yes","10","10","0","0","0","KEEP_MAINLINE_IMPORTED_UTILITY","src/components/FeedbackSurvey/useFeedbackSurvey.tsx;src/components/FeedbackSurvey/useMemorySurvey.tsx;src/components/FeedbackSurvey/usePostCompactSurvey.tsx;src/hooks/toolPermission/permissionLogging.ts;src/services/api/logging.ts;src/services/tools/toolExecution.ts;src/utils/hooks.ts;src/utils/processUserInput/processSlashCommand.tsx"
"M","src/utils/telemetry/instrumentation.ts","yes","2","2","0","0","0","KEEP_MAINLINE_IMPORTED_UTILITY","src/commands/logout/logout.tsx;src/entrypoints/init.ts"
"M","src/utils/telemetry/perfettoTracing.ts","yes","5","5","0","0","0","KEEP_MAINLINE_IMPORTED_UTILITY","src/tools/AgentTool/runAgent.ts;src/utils/swarm/inProcessRunner.ts;src/utils/swarm/spawnInProcess.ts;src/utils/telemetry/instrumentation.ts;src/utils/telemetry/sessionTracing.ts"
"M","src/utils/telemetry/sessionTracing.ts","yes","7","7","0","0","0","KEEP_MAINLINE_IMPORTED_UTILITY","src/screens/REPL.tsx;src/services/api/dsxuTransport.ts;src/services/api/logging.ts;src/services/tools/toolExecution.ts;src/utils/hooks.ts;src/utils/processUserInput/processTextPrompt.ts;src/utils/telemetry/instrumentation.ts"
"M","src/utils/telemetryAttributes.ts","yes","3","3","0","0","0","KEEP_MAINLINE_IMPORTED_UTILITY","src/entrypoints/init.ts;src/utils/telemetry/events.ts;src/utils/telemetry/sessionTracing.ts"
"M","src/utils/terminalPanel.ts","yes","1","1","0","0","0","KEEP_MAINLINE_IMPORTED_UTILITY","src/hooks/useGlobalKeybindings.tsx"
"M","src/utils/thinking.ts","yes","18","18","0","0","0","KEEP_MAINLINE_IMPORTED_UTILITY","src/QueryEngine.ts;src/Tool.ts;src/buddy/useBuddyNotification.tsx;src/cli/print.ts;src/cli/print.ts;src/components/PromptInput/PromptInput.tsx;src/components/messages/HighlightedThinkingText.tsx;src/components/tasks/RemoteSessionProgress.tsx"
"M","src/utils/tmuxSocket.ts","yes","1","1","0","0","0","KEEP_MAINLINE_IMPORTED_UTILITY","src/utils/shell/bashProvider.ts"
"M","src/utils/toolResultStorage.ts","yes","22","22","0","0","0","KEEP_MAINLINE_IMPORTED_UTILITY","src/Tool.ts;src/query.ts;src/screens/REPL.tsx;src/screens/ResumeConversation.tsx;src/services/mcp/client.ts;src/services/tools/toolExecution.ts;src/tools/AgentTool/resumeAgent.ts;src/tools/AgentTool/runAgent.ts"
"M","src/utils/toolSchemaCache.ts","yes","3","3","0","0","0","KEEP_MAINLINE_IMPORTED_UTILITY","src/services/auth/dsxuProviderAuth.ts;src/commands/logout/logout.tsx;src/utils/api.ts"
"M","src/utils/toolSearch.ts","yes","11","11","0","0","0","KEEP_MAINLINE_IMPORTED_UTILITY","src/services/api/dsxuTransport.ts;src/services/compact/compact.ts;src/services/compact/sessionMemoryCompact.ts;src/services/tokenEstimation.ts;src/services/tools/toolExecution.ts;src/tools.ts;src/tools/ToolSearchTool/ToolSearchTool.ts;src/utils/analyzeContext.ts"
"M","src/utils/undercover.ts","yes","7","7","0","0","0","KEEP_MAINLINE_IMPORTED_UTILITY","src/commands/commit-push-pr.ts;src/commands/commit.ts;src/components/PromptInput/PromptInputFooter.tsx;src/constants/prompts.ts;src/screens/REPL.tsx;src/tools/BashTool/prompt.ts;src/utils/attribution.ts"
"M","src/utils/user.ts","yes","8","8","0","0","0","KEEP_MAINLINE_IMPORTED_UTILITY","src/services/analytics/featureFlags.ts;src/commands/login/login.tsx;src/commands/logout/logout.tsx;src/main.tsx;src/services/analytics/firstPartyEventLogger.ts;src/services/analytics/firstPartyEventLoggingExporter.ts;src/services/analytics/metadata.ts;src/utils/exampleCommands.ts"
"M","src/utils/warningHandler.ts","yes","1","1","0","0","0","KEEP_MAINLINE_IMPORTED_UTILITY","src/main.tsx"
"M","src/utils/workloadContext.ts","yes","6","6","0","0","0","KEEP_MAINLINE_IMPORTED_UTILITY","src/cli/print.ts;src/constants/system.ts;src/hooks/useScheduledTasks.ts;src/utils/handlePromptSubmit.ts;src/utils/http.ts;src/utils/processUserInput/processSlashCommand.tsx"
"M","src/utils/worktree.ts","yes","14","14","0","0","0","KEEP_MAINLINE_IMPORTED_UTILITY","src/commands/exit/exit.tsx;src/commands/ide/ide.tsx;src/components/StatusLine.tsx;src/components/WorktreeExitDialog.tsx;src/constants/prompts.ts;src/entrypoints/cli.tsx;src/main.tsx;src/screens/REPL.tsx"
"M","src/utils/worktreeModeEnabled.ts","yes","3","3","0","0","0","KEEP_MAINLINE_IMPORTED_UTILITY","src/entrypoints/cli.tsx;src/main.tsx;src/tools.ts"
